Full Name,Firm,Title,Email,Email Confidence,Website,City,Country,Timezone,Investment Stages,Sectors,Check Size Min,Check Size Max,Thesis,Portfolio Companies,Recent Investments,Recent Writing,Segment,Source
,Rocana Venture Partners,,,unknown,,,,,Seed; Series A,Food & Beverage; CPG; Wellness,,,"Early-stage food and beverage with an emphasis on wellness-oriented products, functional beverages and plant-based categories.",Olipop; Poppi,Olipop; Poppi,Backed Olipop and Poppi before gut-health drinks hit the mainstream.,Food & beverage / CPG specialist,"public web research, July 2026"
Clayton Christopher,CAVU Consumer Partners,Co-Founder,,unknown,,Austin,United States,America/Chicago,Seed; Series A; Growth,Food & Beverage; Wellness; Consumer,,,"Invests in the better-for-you consumer sector across food, beverage and wellness, from seed to late stage, with hands-on marketing and operating support.",Beyond Meat; Oatly; The Farmer's Dog,Beyond Meat; Oatly; The Farmer's Dog,"Co-founded by Clayton Christopher, who built and sold Sweet Leaf Tea and Deep Eddy Vodka.",Food & beverage / CPG specialist,"public web research, July 2026"
,VMG Partners,,,unknown,,San Francisco,United States,America/Los_Angeles,Seed; Series A; Growth,Food & Beverage; Beauty; Personal Care,,,"Invests seed through private equity in food, beverage, beauty and personal care brands.",Drunk Elephant; Quest Nutrition,Drunk Elephant; Quest Nutrition,Fund VI reported at $1B.,Food & beverage / CPG specialist,"public web research, July 2026"
,Coefficient Capital,,,unknown,,New York,United States,America/New_York,Pre-Seed; Seed; Series A,Food & Beverage; Beauty; Wellness; Consumer,,,"Consumer sector specialist targeting innovative brands across food and beverage, beauty and wellness, engaging from pre-seed through Series A.",,,Closed oversubscribed Fund II at $290M in March 2026.,Food & beverage / CPG specialist,"public web research, July 2026"
Genevieve Gilbreath,Springdale Ventures,Co-Founder,,unknown,,Austin,United States,America/Chicago,Seed; Series A,Food & Beverage; CPG; Pet; Health & Beauty,$1M,$1M,"Emerging consumer brands across food, beverage, pet, health and beauty at seed through Series A.",,,Raised $40M for Fund II targeting early-stage CPG brands.,Food & beverage / CPG specialist,"public web research, July 2026"
,Selva Ventures,,,unknown,,San Francisco,United States,America/Los_Angeles,Seed; Series A,Consumer; Health & Wellness; CPG,,,"Backs emerging consumer brands improving health and wellness, prioritising clean ingredients, typically before $10M in annual sales.",,,,Food & beverage / CPG specialist,"public web research, July 2026"
Tom Spier,Boulder Food Group,Founder,,unknown,,Boulder,United States,America/Denver,Seed; Series A,Food & Beverage; CPG,,,Partners with early-stage food and beverage consumer product companies.,,,Raised a $100M fund for early-stage food and beverage.,Food & beverage / CPG specialist,"public web research, July 2026"
,PowerPlant Partners,,,unknown,,Los Angeles,United States,America/Los_Angeles,Series A; Growth,Food & Beverage; Foodservice; Food Tech; Wellness,,,"Growth equity for emerging consumer food, beverage, foodservice, food-tech and personal wellness brands, founded by the creators of ZICO coconut water.",Beyond Meat; Thrive Market; Rebbl,Beyond Meat; Thrive Market; Rebbl,Closed third fund at $330M.,Food & beverage / CPG specialist,"public web research, July 2026"
Steve Hughes,Sunrise Strategic Partners,Founder,,unknown,,Boulder,United States,America/Denver,Growth,Food & Beverage; Healthy Living,,,"Growth capital and operating expertise for emerging food and beverage brands in the healthy, active and sustainable living space.",,,,Food & beverage / CPG specialist,"public web research, July 2026"
,Siddhi Capital,,,unknown,,,,,Seed; Series A; Growth,Food & Beverage; CPG; Food Tech,,,"Growth-stage CPG brands providing restaurant-quality foods and beverages, plus food-tech; roughly two-thirds CPG and one-third food-tech.",,,Raised $135M for Fund II.,Food & beverage / CPG specialist,"public web research, July 2026"
,Sonoma Brands Capital,,,unknown,,Sonoma,United States,America/Los_Angeles,Growth,Food & Beverage; Consumer,,,"Minority and control investments in growth-stage consumer businesses, typically above $5M in sales.",,,Founded 2015 in California wine country; team of 10 including 5 partners.,Food & beverage / CPG specialist,"public web research, July 2026"
,Manna Tree Partners,,,unknown,,,,,Growth,Food; Health & Wellness,,,"Invests in companies that empower consumers to live better, longer lives through improved health and wellness.",,,,Food & beverage / CPG specialist,"public web research, July 2026"
,Big Idea Ventures,,,unknown,,New York,United States,America/New_York,Pre-Seed; Seed,Food Tech; Plant-Based; CPG,,,Venture fund focused on the plant-based and alternative protein food sector.,,,45 companies invested as of March 2026.,Food & beverage / CPG specialist,"public web research, July 2026"
,Stray Dog Capital,,,unknown,,Kansas City,United States,America/Chicago,Seed; Series A,Food Tech; Plant-Based; CPG,,,Emerging plant-based brands and alternative protein.,Kite Hill; Beyond Meat; Miyoko's; Good Catch,Kite Hill; Beyond Meat; Miyoko's; Good Catch,,Food & beverage / CPG specialist,"public web research, July 2026"
,Clear Current Capital,,,unknown,,,,,Seed,Food Tech; Plant-Based,,,Invests in plant-based and alternative protein startups.,,,,Food & beverage / CPG specialist,"public web research, July 2026"
,S2G Investments,,,unknown,,Chicago,United States,America/Chicago,Seed; Series A; Growth,Food; Agriculture; Oceans; Energy,,,"Multi-stage investor across food and agriculture, oceans and energy, backing healthier and more sustainable systems from seed to post-IPO.",,,$2.5B in committed capital.,Food & beverage / CPG specialist,"public web research, July 2026"
,Astanor Ventures,,,unknown,,,,,Seed; Series A; Growth,Food; Agriculture; Impact,,,"Backs entrepreneurs regenerating the food, blue ocean economy and agriculture sectors.",,,,Food & beverage / CPG specialist,"public web research, July 2026"
,AgFunder,,,unknown,,San Francisco,United States,America/Los_Angeles,Seed,Food Tech; AgTech,,,"Global venture firm backing deeptech across food and agriculture, AI, biotech and robotics.",,,,Food & beverage / CPG specialist,"public web research, July 2026"
,Blue Horizon,,,unknown,,,,,Series A; Growth,Food Tech; Alternative Protein,,,Supports later rounds for scaling production and global expansion in sustainable food.,,,,Food & beverage / CPG specialist,"public web research, July 2026"
Brian Rosen,InvestBev,Founder,,unknown,,Chicago,United States,America/Chicago,Seed; Growth,Beverage; Adult Beverage; Beverage Tech,,,"Private equity dedicated to the adult beverage industry: brands, raw distillate, beverage technology and cannabis beverage.",,,$300M AUM and $100M in private credit; announced a $14M strategic investment in January 2026.,Food & beverage / CPG specialist,"public web research, July 2026"
,BeliV,,,unknown,,,,,Seed; Series A,Beverage; Food & Beverage,,,Beverage-focused investor.,,,Co-led Bulletproof's $13M raise.,Food & beverage / CPG specialist,"public web research, July 2026"
,Prelude Growth Partners,,,unknown,,New York,United States,America/New_York,Growth,Consumer; Beauty; Food & Beverage,,,Growth investor in high-growth consumer brands.,,,,Food & beverage / CPG specialist,"public web research, July 2026"
,Alliance Consumer Growth,,,unknown,,New York,United States,America/New_York,Series A; Growth,Consumer; Food & Beverage; Retail,,,"Invests in emerging consumer, food and beverage and retail brands.",,,Frequently follows Sonoma Brands into consumer rounds.,Food & beverage / CPG specialist,"public web research, July 2026"
Allan Karp,KarpReilly,Co-Founder,,unknown,,Greenwich,United States,America/New_York,Growth,Consumer; Restaurants; Retail; Food & Beverage,,,"Growth-stage investor across retail, direct-to-consumer, e-commerce, restaurants, apparel and branded consumer products.",,,,"Restaurant, hospitality & nightlife","public web research, July 2026"
,301 INC,,,unknown,,Minneapolis,United States,America/Chicago,Seed; Series A,Food & Beverage; CPG,,,"General Mills' venture arm, investing in emerging food and beverage brands.",Kite Hill; Good Culture; Tio Gazpacho; Rhythm Superfoods,Kite Hill; Good Culture; Tio Gazpacho; Rhythm Superfoods,,Corporate venture arm,"public web research, July 2026"
,SnackFutures Ventures,,,unknown,,Chicago,United States,America/Chicago,Seed; Series A,Food & Beverage; Snacking; CPG,,,"Mondelez International's corporate venture arm, pushing the boundaries of snacking.",,,,Corporate venture arm,"public web research, July 2026"
,Tyson Ventures,,,unknown,,Springdale,United States,America/Chicago,Series A; Growth,Food; Protein; Food Tech,,,"Tyson Foods' venture arm, investing in breakthrough technologies, business models and products across food.",Beyond Meat; Tovala; Memphis Meats,Beyond Meat; Tovala; Memphis Meats,,Corporate venture arm,"public web research, July 2026"
,Danone Manifesto Ventures,,,unknown,,New York,United States,America/New_York,Seed; Series A,Food & Beverage; Health,,,"Danone's venture arm supporting companies that promote healthier, more sustainable eating practices.",,,,Corporate venture arm,"public web research, July 2026"
,Cultivate Ventures,,,unknown,,,,,Seed; Series A,Food & Beverage; CPG,,,Hain Celestial's platform investing in lifestyle brands and emerging concepts.,,,,Corporate venture arm,"public web research, July 2026"
,Evolv Ventures,,,unknown,,Chicago,United States,America/Chicago,Seed; Series A,Food Tech; Consumer; Commerce,,,Kraft Heinz-backed venture fund investing in technology across the food ecosystem.,,,,Corporate venture arm,"public web research, July 2026"
,Unilever Ventures,,,unknown,,,,,Seed; Series A,Consumer; Beauty; Personal Care,,,"Unilever's venture arm, a strategic CPG partner to consumer brands.",,,,Corporate venture arm,"public web research, July 2026"
,Companion Fund,,,unknown,,,,,Seed; Series A,Consumer; Pet; CPG,,,Mars-backed fund investing alongside consumer brands.,,,,Corporate venture arm,"public web research, July 2026"
,Shopify Ventures,,,unknown,,Toronto,Canada,America/Toronto,Seed; Series A,Commerce; Retail Tech,,,Strategic capital into startups that enhance the commerce ecosystem.,,,,Corporate venture arm,"public web research, July 2026"
,Almanac Investments,,,unknown,,,,,Seed,Food & Beverage; CPG,,,Supports innovative food and beverage startups.,,,,Food & beverage / CPG specialist,"public web research, July 2026"
,Ridgeline Ventures,,,unknown,,,,,Seed; Series A,Food & Beverage; Consumer,,,Backs emerging food and beverage and consumer companies.,,,,Food & beverage / CPG specialist,"public web research, July 2026"
,Revolution Growth,,,unknown,,Washington,United States,America/New_York,Series A; Growth,Consumer; Food & Beverage; Technology,,,Growth investor backing companies outside traditional coastal hubs.,,,,Consumer generalist,"public web research, July 2026"
,Silas Capital,,,unknown,,New York,United States,America/New_York,Seed; Series A; Growth,Consumer; Food & Beverage; Beauty,,,Venture and growth equity investing in emerging consumer brands from early stage through growth.,,,,Consumer generalist,"public web research, July 2026"
,AF Ventures,,,unknown,,New York,United States,America/New_York,Seed; Series A,Food & Beverage; CPG; Consumer,,,Active food and beverage investor backing emerging consumer brands.,,,,Food & beverage / CPG specialist,"public web research, July 2026"
,Barrel Ventures,,,unknown,,,,,Seed,Food & Beverage; CPG,,,Early-stage food and beverage investor.,,,,Food & beverage / CPG specialist,"public web research, July 2026"
,Bread and Butter Ventures,,,unknown,,Minneapolis,United States,America/Chicago,Seed,Food & Beverage; AgTech; Health,,,"Seed investor across food, agriculture and health.",,,,Food & beverage / CPG specialist,"public web research, July 2026"
,Five Seasons Ventures,,,unknown,,,,,Seed; Series A,Food & Beverage; Food Tech,,,European food and agriculture technology venture fund.,,,,Food & beverage / CPG specialist,"public web research, July 2026"
,Melitas Ventures,,,unknown,,,,,Seed; Series A,Food & Beverage; CPG,,,Invests in emerging food and beverage brands.,,,,Food & beverage / CPG specialist,"public web research, July 2026"
,Sandbox Industries,,,unknown,,Chicago,United States,America/Chicago,Seed; Series A,Food & Beverage; AgTech; Insurance,,,"Invests across food, agriculture and adjacent sectors.",,,,Food & beverage / CPG specialist,"public web research, July 2026"
,Better Food Ventures,,,unknown,,San Francisco,United States,America/Los_Angeles,Pre-Seed; Seed,Food Tech; Restaurant Tech,,,Early-stage investor funding concept-to-market food technology startups.,,,,Food & beverage / CPG specialist,"public web research, July 2026"
,1st Course Capital,,,unknown,,San Francisco,United States,America/Los_Angeles,Pre-Seed; Seed,Food Tech; AgTech,,,Early-stage investor in food and agriculture technology.,,,,Food & beverage / CPG specialist,"public web research, July 2026"
,FoodLabs,,,unknown,,,,,Pre-Seed; Seed,Food Tech; Food & Beverage,,,Early-stage food technology and sustainability investor.,,,,Food & beverage / CPG specialist,"public web research, July 2026"
,PeakBridge,,,unknown,,,,,Seed; Series A; Series B,Food Tech; Food & Beverage,,,"Global impact venture fund connecting the people, technology and processes shaping the future of food, from early stage to Series A-B.",,,,Food & beverage / CPG specialist,"public web research, July 2026"
,Anterra Capital,,,unknown,,,,,Series A; Growth,Food; AgTech; Health,,,Backs startups and entrepreneurs building a healthier food system.,,,,Food & beverage / CPG specialist,"public web research, July 2026"
,Branch Venture Group,,,unknown,,Boston,United States,America/New_York,Pre-Seed; Seed,Food & Beverage; CPG; Food Tech; AgTech,,,"Boston investment network providing funding and advice to early-stage food companies across food and beverage CPG, foodtech and agtech.",,,,Food & beverage / CPG specialist,"public web research, July 2026"
,Fresh Source Capital,,,unknown,,Boston,United States,America/New_York,Seed; Series A,Food; Food Tech,,,"Funds companies whose products, services and technologies provide better food to consumers and institutions.",,,,Food & beverage / CPG specialist,"public web research, July 2026"
,Sherbrooke Capital,,,unknown,,Boston,United States,America/New_York,Growth,Consumer; Health & Wellness; Food & Beverage,,,"Growth capital exclusively for emerging consumer companies in the healthy, active and sustainable living market.",,,,Food & beverage / CPG specialist,"public web research, July 2026"
,Castanea Partners,,,unknown,,Boston,United States,America/New_York,Growth,Consumer; Food & Beverage; Beauty,,,Consumer-focused growth investor.,Pirate Brands; Dave's Killer Bread,Pirate Brands; Dave's Killer Bread,,Food & beverage / CPG specialist,"public web research, July 2026"
,Breakaway Ventures,,,unknown,,Boston,United States,America/New_York,Seed,Consumer; Food & Beverage,,,Consumer-focused venture capital firm.,,,,Consumer generalist,"public web research, July 2026"
,Trailhead Capital,,,unknown,,Boulder,United States,America/Denver,Seed,Food; AgTech; Regenerative,,,Seed and early-stage investor in regenerative food and agriculture.,,,,Food & beverage / CPG specialist,"public web research, July 2026"
Arlene Dickinson,District Ventures Capital,Managing Partner,,unknown,,Calgary,Canada,America/Edmonton,Seed; Series A,Food & Beverage; Health; CPG,,,Invests in innovative food and health sector companies.,,,,Food & beverage / CPG specialist,"public web research, July 2026"
,Ankur Capital,,,unknown,,,,,Seed; Series A,Food; AgTech,,,Early-stage investor across food and agriculture.,,,,Food & beverage / CPG specialist,"public web research, July 2026"
,Winklevoss Capital,,,unknown,,New York,United States,America/New_York,Seed,Consumer; Food & Beverage; Crypto,,,Backs early-stage consumer and food and beverage companies.,,,,Consumer generalist,"public web research, July 2026"
,Lattice Ventures,,,unknown,,New York,United States,America/New_York,Seed,Consumer; Food & Beverage,,,Seed investor across consumer and food categories.,,,,Consumer generalist,"public web research, July 2026"
,Math Venture Partners,,,unknown,,Chicago,United States,America/Chicago,Seed; Series A,Consumer; Marketplaces; Food & Beverage,,,Backs companies with distribution advantage.,,,,Consumer generalist,"public web research, July 2026"
,Sugar Capital,,,unknown,,San Francisco,United States,America/Los_Angeles,Seed,Consumer; CPG; Commerce,,,Seed-stage consumer and commerce investor.,,,,Consumer generalist,"public web research, July 2026"
,True Beauty Ventures,,,unknown,,New York,United States,America/New_York,Seed; Series A,Beauty; Consumer; CPG,,,Beauty and personal care consumer brands.,,,,Consumer generalist,"public web research, July 2026"
,Crush Ventures,,,unknown,,New York,United States,America/New_York,Seed,Consumer; Food & Beverage; Music,,,Seed-stage consumer investor with brand-building support.,,,,Consumer generalist,"public web research, July 2026"
,Branded Hospitality Ventures,,,unknown,,New York,United States,America/New_York,Pre-Seed; Seed; Series A,Hospitality; Food & Beverage; Restaurant Tech; Foodservice,,,"Investment and advisory platform for hospitality and foodservice, focused on technology-driven and innovative food and beverage concepts that improve guest experience and operating efficiency.",Ottonomy IO; Mr Bing,Ottonomy IO; Mr Bing,"Founded 2017; invests pre-seed to Series A across food and beverage, software, proptech, fintech and robotics touching hospitality.","Restaurant, hospitality & nightlife","public web research, July 2026"
,Enlightened Hospitality Investments,,,unknown,,New York,United States,America/New_York,Series A; Growth,Restaurant Tech; Hospitality; Food & Beverage,,,"Union Square Hospitality Group's fund, investing with 30+ years of restaurant operating experience behind it.",Goldbelly; BentoBox; Resy; Salt & Straw; Dig; Joe Coffee,Goldbelly; BentoBox; Resy; Salt & Straw; Dig; Joe Coffee,,"Restaurant, hospitality & nightlife","public web research, July 2026"
,Kitchen Fund,,,unknown,,New York,United States,America/New_York,Seed; Series A,Restaurants; Food & Beverage; Restaurant Tech,,,Early-stage specialist investing exclusively in restaurant innovation.,Curry Up Now; The Pie Hole; Gregorys Coffee; JUICER,Curry Up Now; The Pie Hole; Gregorys Coffee; JUICER,Invested in Gregorys Coffee (2025) and JUICER's $5.3M seed round (2024).,"Restaurant, hospitality & nightlife","public web research, July 2026"
,Best Nights VC,,,unknown,,New York,United States,America/New_York,Pre-Seed; Seed,Nightlife; Hospitality Tech; Consumer Experience,,,"Boutique early-stage fund backing nightlife, hospitality-tech and consumer experience startups reimagining how people gather socially.",,,,"Restaurant, hospitality & nightlife","public web research, July 2026"
,Mast-Jagermeister Ventures,,,unknown,,,,,Pre-Seed; Seed; Series A,Nightlife; Hospitality; Consumer,$300k,$1M,"Jagermeister's venture arm investing in nightlife technology, social platforms and community-driven hospitality.",,,,"Restaurant, hospitality & nightlife","public web research, July 2026"
,Savory Fund,,,unknown,,Salt Lake City,United States,America/Denver,Growth,Restaurants; Food & Beverage; Multi-Unit,,,"Invests in emerging restaurant concepts, providing capital and operating expertise to scale them into multi-unit brands beyond their founding region.",Mo' Bettahs; Via 313; Hash Kitchen; South Block,Mo' Bettahs; Via 313; Hash Kitchen; South Block,$20M growth partnership with Hash Kitchen targeting ~30 new locations over four years.,"Restaurant, hospitality & nightlife","public web research, July 2026"
,Rosser Capital Partners,,,unknown,,,,,Growth,Restaurants; Hospitality,,,"Restaurant-focused investor with flexible targets, backing emerging concepts.",BarTaco; Barcelona Wine Bar; Skillets,BarTaco; Barcelona Wine Bar; Skillets,,"Restaurant, hospitality & nightlife","public web research, July 2026"
,10 Point Capital,,,unknown,,Atlanta,United States,America/New_York,Growth,Restaurants; Franchise; Multi-Unit,,,Partners with founders and operating executives of multi-unit and franchise businesses.,,,,"Restaurant, hospitality & nightlife","public web research, July 2026"
,Thayer Investment Partners,,,unknown,,San Francisco,United States,America/Los_Angeles,Seed; Series A,Hospitality; Travel; Restaurant Tech,,,Early-stage travel and hospitality technology; formed by the combination of Thayer Ventures and Derive Ventures.,Sonder; Mews; Duetto; Canary Technologies; NoiseAware; HyperGuest; Operto,Sonder; Mews; Duetto; Canary Technologies; NoiseAware; HyperGuest; Operto,"Four active vehicles, over $300M deployed and 30+ active portfolio companies.","Restaurant, hospitality & nightlife","public web research, July 2026"
,Derive Ventures,,,unknown,,,,,Seed,Hospitality; Travel,,,"Early-stage travel and hospitality investor, founded 2022.",,,,"Restaurant, hospitality & nightlife","public web research, July 2026"
,Jaws Ventures,,,unknown,,Miami,United States,America/New_York,Seed; Series A,Hospitality; Consumer; Real Estate,,,Barry Sternlicht-affiliated vehicle investing across hospitality and consumer.,,,,"Restaurant, hospitality & nightlife","public web research, July 2026"
,JAWS Estates Capital,,,unknown,,Miami,United States,America/New_York,Growth,Hospitality; Food & Beverage; Real Estate,,,Family office with keen interest in food and beverage and hospitality.,,,Acquired Miami Beach's Standard Hotel in January 2022.,Family office,"public web research, July 2026"
,Elysium Management,,,unknown,,New York,United States,America/New_York,Growth,Restaurants; Hospitality; Food & Beverage; Franchise,,,"Private equity and direct investments in retail, food and beverage, restaurants, hospitality and franchises.",Huddle House,Huddle House,,Family office,"public web research, July 2026"
Don Thompson,Cleveland Avenue,Founder,,unknown,,Chicago,United States,America/Chicago,Seed; Series A; Growth,Restaurants; Food Tech; Beverage; Consumer,,,"Chicago venture firm investing in restaurant, food tech and beverage companies across North America, founded by the former CEO of McDonald's.",Beyond Meat; Bhakti; Farmwise Foods; Bright Cellars,Beyond Meat; Bhakti; Farmwise Foods; Bright Cellars,Runs a $70M CAST US fund mandated to deploy 75% into Black- and Hispanic-owned companies.,"Restaurant, hospitality & nightlife","public web research, July 2026"
,Listen Ventures,,,unknown,,Chicago,United States,America/Chicago,Seed; Series A,Consumer Brands; D2C; Wellness; Food & Beverage,,,Consumer-focused firm backing brands with potential to capture consumer attention and disrupt established markets.,Go Brewing; Good Bacteria,Go Brewing; Good Bacteria,,Consumer generalist,"public web research, July 2026"
,Trive Capital,,,unknown,,Dallas,United States,America/Chicago,Growth,Restaurants; Consumer; Industrials,,,Equity and debt in middle-market companies with transformational upside through operational improvement.,Mo' Bettahs,Mo' Bettahs,,"Restaurant, hospitality & nightlife","public web research, July 2026"
,Sun Capital Partners,,,unknown,,Boca Raton,United States,America/New_York,Growth,Restaurants; Consumer; Retail,,,Named among the top private equity investors for the restaurant industry.,Johnny Rockets; Friendly's; Boston Market; Bar Louie,Johnny Rockets; Friendly's; Boston Market; Bar Louie,Over $13B in capital commitments.,"Restaurant, hospitality & nightlife","public web research, July 2026"
,KKR,,,unknown,,New York,United States,America/New_York,Growth,Restaurants; Consumer; Multi-Sector,,,Global private equity active in restaurant buyouts.,Lemonade Restaurant Group,Lemonade Restaurant Group,,"Restaurant, hospitality & nightlife","public web research, July 2026"
,NBK Capital Partners,,,unknown,,,,,Growth,Restaurants; Consumer,,,"Regional private equity active in restaurant deals, $875M in commitments.",,,,"Restaurant, hospitality & nightlife","public web research, July 2026"
,GPS Hospitality,,,unknown,,Atlanta,United States,America/New_York,Growth,Restaurants; Franchise,,,Large multi-brand franchisee operation approaching 500 units.,Burger King; Popeyes; Pizza Hut,Burger King; Popeyes; Pizza Hut,,"Restaurant, hospitality & nightlife","public web research, July 2026"
,Lamont Companies,,,unknown,,,,,Growth,Hospitality; Restaurants; Hotels,,,Single-family office developing franchised hotels and restaurants across the US.,,,,Family office,"public web research, July 2026"
,Dom Capital Group,,,unknown,,Chicago,United States,America/Chicago,Seed; Growth,Food; Restaurants; Consumer,,,Single-family office with roots in a 1918 family deli and food store.,Junzi Kitchen,Junzi Kitchen,,Family office,"public web research, July 2026"
,The Losa Group,,,unknown,,,,,Growth,Food & Beverage; Hospitality; Agriculture; Entertainment,,,"Family office targeting food and beverage, agriculture, entertainment and hospitality.",,,,Family office,"public web research, July 2026"
,Sequoia Capital,,,unknown,,San Francisco,United States,America/Los_Angeles,Seed; Series A; Growth,Delivery; Marketplaces; Technology,$1M,$200M,"Deep logistics and delivery portfolio, technology-first delivery solutions from seed to growth.",DoorDash,DoorDash,,"Delivery, logistics & marketplace","public web research, July 2026"
,Andreessen Horowitz,,,unknown,,Menlo Park,United States,America/Los_Angeles,Seed; Series A; Growth,Food Tech; Ghost Kitchens; Consumer; Technology,,,"Multi-stage fund backing commerce infrastructure, logistics and food technology.",Virtual Kitchen Co; All Day Kitchens; Foodology,Virtual Kitchen Co; All Day Kitchens; Foodology,Backed Virtual Kitchen Co's $15M Series A and All Day Kitchens.,"Delivery, logistics & marketplace","public web research, July 2026"
,Founders Fund,,,unknown,,San Francisco,United States,America/Los_Angeles,Seed; Series A; Growth,Food Tech; Ghost Kitchens; Delivery,,,Backs contrarian technology companies including ghost kitchen infrastructure.,Virtual Kitchen Co; Ritual; Postmates,Virtual Kitchen Co; Ritual; Postmates,,"Delivery, logistics & marketplace","public web research, July 2026"
,SoftBank Vision Fund,,,unknown,,,,,Growth,Delivery; Ghost Kitchens; Technology,,,Late-stage technology investor.,CloudKitchens,CloudKitchens,Led CloudKitchens' $400M round at a $5B valuation.,"Delivery, logistics & marketplace","public web research, July 2026"
,Tiger Global Management,,,unknown,,New York,United States,America/New_York,Growth,Delivery; Marketplaces; Technology,$50M,$500M,Growth investor active in delivery technology and marketplaces.,Instacart; EatClub,Instacart; EatClub,,"Delivery, logistics & marketplace","public web research, July 2026"
,Prologis Ventures,,,unknown,,San Francisco,United States,America/Los_Angeles,Series A; Growth,Logistics; Supply Chain; Last Mile,$5M,$50M,"Corporate venture arm of the logistics real estate group, focused on supply chain and last-mile solutions.",,,,"Delivery, logistics & marketplace","public web research, July 2026"
,Maersk Growth,,,unknown,,,,,Series A; Growth,Logistics; Supply Chain; Last Mile,$10M,$50M,Corporate venture arm focused on supply chain innovation and last-mile technology.,Huboo; Forto; Afresh,Huboo; Forto; Afresh,,"Delivery, logistics & marketplace","public web research, July 2026"
,Y Combinator,,,unknown,,San Francisco,United States,America/Los_Angeles,Pre-Seed; Seed,Technology; Delivery; Consumer,,,Accelerator that has launched over 200 notable companies including DoorDash.,DoorDash; Coinbase; Reddit,DoorDash; Coinbase; Reddit,,"Delivery, logistics & marketplace","public web research, July 2026"
,Commerce Ventures,,,unknown,,San Francisco,United States,America/Los_Angeles,Seed; Series A; Series B,Retail Tech; Commerce; Fintech,,,Retail and commerce technology investor across seed through later stages.,Bill.com; Marqeta; Forter,Bill.com; Marqeta; Forter,,Commerce & retail technology,"public web research, July 2026"
,Silicon Road Ventures,,,unknown,,Atlanta,United States,America/New_York,Seed,Retail Tech; Commerce,,,Seed-stage retail technology investor.,,,,Commerce & retail technology,"public web research, July 2026"
,RevTech Ventures,,,unknown,,Dallas,United States,America/Chicago,Seed,Retail Tech; Restaurant Tech; Commerce,,,Seed-stage retail and restaurant technology accelerator and fund.,,,,Commerce & retail technology,"public web research, July 2026"
,Mu Ventures,,,unknown,,,,,Seed,Retail Tech; Commerce,,,Seed-stage retail technology investor.,,,,Commerce & retail technology,"public web research, July 2026"
,FJ Labs,,,unknown,,New York,United States,America/New_York,Seed; Series A,Marketplaces; Commerce; Consumer,,,Marketplace and network-effect specialist.,,,,Commerce & retail technology,"public web research, July 2026"
,Index Ventures,,,unknown,,San Francisco,United States,America/Los_Angeles,Seed; Series A; Growth,Commerce; Marketplaces; Technology,,,Invested in Shopify and marketplace leaders across Europe and the US.,,,,Commerce & retail technology,"public web research, July 2026"
,Accel,,,unknown,,Palo Alto,United States,America/Los_Angeles,Seed; Series A; Growth,Commerce; SaaS; Consumer,,,Focused on SaaS tools powering commerce growth.,,,,Commerce & retail technology,"public web research, July 2026"
,Bessemer Venture Partners,,,unknown,,San Francisco,United States,America/Los_Angeles,Series A; Growth,Consumer Commerce; SaaS; Fintech,,,"Series A through late stage across SaaS, cloud, consumer commerce and fintech.",,,,Commerce & retail technology,"public web research, July 2026"
,Lightspeed Venture Partners,,,unknown,,Menlo Park,United States,America/Los_Angeles,Seed; Series A; Growth,Retail Tech; D2C; Consumer,,,Early-stage retail technology and direct-to-consumer.,,,,Commerce & retail technology,"public web research, July 2026"
,Greylock Partners,,,unknown,,Menlo Park,United States,America/Los_Angeles,Seed; Series A,B2B Commerce; Logistics,,,B2B commerce and logistics innovation.,,,,Commerce & retail technology,"public web research, July 2026"
,Bain Capital Ventures,,,unknown,,Boston,United States,America/New_York,Seed; Series A; Growth,Payments; Retail Tech; Fintech,,,Payments and enterprise retail technology.,,,,Commerce & retail technology,"public web research, July 2026"
,14W,,,unknown,,New York,United States,America/New_York,Seed; Series A,Consumer Internet; Marketplaces; CPG; Media,,,"Consumer internet, marketplace, e-commerce, CPG and media specialist.",,,,Consumer generalist,"public web research, July 2026"
,Ascend Venture Capital,,,unknown,,Seattle,United States,America/Los_Angeles,Pre-Seed,Marketplaces; Consumer Brands; E-commerce,,,"Most active pre-seed fund in the Pacific Northwest, investing in marketplaces, consumer brands and e-commerce.",,,,Consumer generalist,"public web research, July 2026"
,Camber Creek,,,unknown,,Washington,United States,America/New_York,Seed; Series A,PropTech; Real Estate Tech,,,Real estate technology investor.,,,,Commerce & retail technology,"public web research, July 2026"
,Fuel Venture Capital,,,unknown,,Miami,United States,America/New_York,Seed; Series A; Growth,Consumer Tech; AI; Financial Markets,,,"Partners with founders from seed to growth across technology, with a Latin America connection.",Replit; CookUnity; Betr,Replit; CookUnity; Betr,Manages roughly $150M across two funds; 40+ portfolio companies.,Miami / Florida,"public web research, July 2026"
,Secocha Ventures,,,unknown,,Miami,United States,America/New_York,Pre-Seed; Seed,Consumer Products; Consumer Services; FinTech; Digital Health,,,"Early-stage B2C investor, predominantly fintech, digital health and consumer products and services.",,,,Miami / Florida,"public web research, July 2026"
,Krillion Ventures,,,unknown,,Miami,United States,America/New_York,Seed,Consumer Tech; Health; Finance,,,"Miami-focused firm investing in early-stage health, finance and consumer technology.",,,,Miami / Florida,"public web research, July 2026"
,Ocean Azul Partners,,,unknown,,Miami,United States,America/New_York,Seed; Early Stage,Technology; Consumer,$200k,$3M,Early-stage and seed investor writing $200K-$3M.,,,,Miami / Florida,"public web research, July 2026"
,ANIMO Ventures,,,unknown,,Miami,United States,America/New_York,Seed; Series A,Technology; Consumer,,,Miami-based early-stage venture firm.,,,,Miami / Florida,"public web research, July 2026"
,TheVentureCity,,,unknown,,Miami,United States,America/New_York,Pre-Seed; Seed,Technology; Consumer; Data,$500k,$2M,Combines capital with operational support; 40+ Miami-based portfolio companies.,,,,Miami / Florida,"public web research, July 2026"
,Miami Angels,,,unknown,,Miami,United States,America/New_York,Seed,Consumer; SaaS; FinTech; Climate,$200k,$500k,"Angel network whose members collectively invest $200K-$500K in seed companies, often co-investing with institutional funds.",,,Over 150 angel investors in the network.,Miami / Florida,"public web research, July 2026"
,Atomic,,,unknown,,Miami,United States,America/New_York,Pre-Seed; Seed,Consumer; Technology,,,"Venture studio combining ideas, talent and capital to build companies in parallel.",Hims & Hers; Bungalow; OpenStore,Hims & Hers; Bungalow; OpenStore,,Miami / Florida,"public web research, July 2026"
,Rokk3r,,,unknown,,Miami,United States,America/New_York,Pre-Seed; Seed,Technology; Consumer,,,Venture builder creating companies from scratch.,,,,Miami / Florida,"public web research, July 2026"
,Pareto Holdings,,,unknown,,Miami,United States,America/New_York,Pre-Seed; Seed,Technology; Consumer; FinTech,,,Miami-based early-stage investor and ecosystem builder.,,,,Miami / Florida,"public web research, July 2026"
,Alpaca VC,,,unknown,,Miami,United States,America/New_York,Seed; Series A,PropTech; Consumer; Commerce,,,"Invests across proptech, consumer and commerce.",,,,Miami / Florida,"public web research, July 2026"
,305 Ventures,,,unknown,,Miami,United States,America/New_York,Pre-Seed; Seed,Technology; Consumer,,,Miami early-stage fund.,,,,Miami / Florida,"public web research, July 2026"
,Exceptional Capital,,,unknown,,Miami,United States,America/New_York,Pre-Seed; Seed,Enterprise SaaS,,,Miami firm founded 2022 focused on pre-seed and seed Enterprise SaaS.,,,,Miami / Florida,"public web research, July 2026"
,Las Olas Venture Capital,,,unknown,,Fort Lauderdale,United States,America/New_York,Seed; Series A,B2B SaaS; Enterprise Software,,,Early-stage investor primarily in B2B software.,,,,Miami / Florida,"public web research, July 2026"
,Florida Funders,,,unknown,,Tampa,United States,America/New_York,Pre-Seed; Seed; Series B,B2B SaaS; FinTech; AI; E-commerce,,,Southeast venture firm investing in early-stage B2B technology from pre-seed through Series B.,,,,Miami / Florida,"public web research, July 2026"
,Valhalla Ventures,,,unknown,,Miami,United States,America/New_York,Seed,Technology; Consumer,,,Miami-based seed investor.,,,,Miami / Florida,"public web research, July 2026"
David Blumberg,Blumberg Capital,Managing Partner,,unknown,,Miami,United States,America/New_York,Seed; Series A,FinTech; SaaS; Consumer,,,Early-stage investor with Miami presence.,,,,Miami / Florida,"public web research, July 2026"
,Crew VC,,,unknown,,Miami,United States,America/New_York,Pre-Seed; Seed,Technology; Consumer,,,Miami early-stage fund.,,,,Miami / Florida,"public web research, July 2026"
,Thundermark Capital,,,unknown,,Miami,United States,America/New_York,Seed,AI; Technology,,,Seed investor in AI and technology.,,,,Miami / Florida,"public web research, July 2026"
,Duna Ventures,,,unknown,,Miami,United States,America/New_York,Pre-Seed; Seed,Technology; Consumer,,,Miami early-stage fund.,,,,Miami / Florida,"public web research, July 2026"
,Clerisy,,,unknown,,Miami,United States,America/New_York,Seed; Series A,Consumer; Technology,,,Consumer-oriented venture firm.,,,,Miami / Florida,"public web research, July 2026"
,Lightship Capital,,,unknown,,Miami,United States,America/New_York,Pre-Seed; Seed,Consumer; CPG; Health,,,Invests in underrepresented founders across consumer and healthcare.,,,,Miami / Florida,"public web research, July 2026"
,Acronym Venture Capital,,,unknown,,Miami,United States,America/New_York,Seed,Technology; Consumer,,,Miami seed investor.,,,,Miami / Florida,"public web research, July 2026"
,Future Perfect Ventures,,,unknown,,Miami,United States,America/New_York,Seed,Technology; Consumer,,,Early-stage investor.,,,,Miami / Florida,"public web research, July 2026"
,Seven Seven Six,,,unknown,,Miami,United States,America/New_York,Seed; Series A,Consumer; Technology; Web3,,,Early-stage firm with Miami roots.,,,,Miami / Florida,"public web research, July 2026"
,Harlem Capital,,,unknown,,New York,United States,America/New_York,Seed,Consumer; Technology,,,Backs diverse founders across consumer and technology.,,,,Miami / Florida,"public web research, July 2026"
,Form Capital,,,unknown,,Miami,United States,America/New_York,Pre-Seed; Seed,Technology; Consumer,,,Miami early-stage fund.,,,,Miami / Florida,"public web research, July 2026"
,Focal VC,,,unknown,,Miami,United States,America/New_York,Pre-Seed; Seed,Technology; Consumer,,,Miami early-stage fund.,,,,Miami / Florida,"public web research, July 2026"
,Guild Capital,,,unknown,,Miami,United States,America/New_York,Seed; Early Stage,Consumer; SaaS; FinTech,$500k,$4M,Contrarian thesis backing early-growth founders before conventional metrics catch up.,,,,Miami / Florida,"public web research, July 2026"
,Zenda Capital,,,unknown,,Miami,United States,America/New_York,Seed,Technology; Consumer,,,Miami seed investor.,,,,Miami / Florida,"public web research, July 2026"
,Bling Capital,,,unknown,,Miami,United States,America/New_York,Pre-Seed; Seed,Consumer; Technology,,,Early-stage investor.,,,,Miami / Florida,"public web research, July 2026"
,Reign Ventures,,,unknown,,Miami,United States,America/New_York,Seed,Consumer; Technology,,,Early-stage investor.,,,,Miami / Florida,"public web research, July 2026"
,Beni VC,,,unknown,,Miami,United States,America/New_York,Pre-Seed; Seed,Consumer; Technology,,,Miami early-stage fund.,,,,Miami / Florida,"public web research, July 2026"
,Beresford Ventures,,,unknown,,Miami,United States,America/New_York,Seed,Technology; Consumer,,,Miami seed investor.,,,,Miami / Florida,"public web research, July 2026"
Manny Medina,Medina Capital,Managing Partner,,unknown,,Miami,United States,America/New_York,Growth,Technology; Cybersecurity,,,Miami growth investor.,,,,Miami / Florida,"public web research, July 2026"
,Zelkova Ventures,,,unknown,,Miami,United States,America/New_York,Seed,Consumer; Technology,,,Early-stage generalist.,,,,Miami / Florida,"public web research, July 2026"
,Starlight Ventures,,,unknown,,Miami,United States,America/New_York,Seed; Series A,Deep Tech; Climate,,,Miami-based investor in foundational technologies.,,,,Miami / Florida,"public web research, July 2026"
,Motivate Venture Capital,,,unknown,,Chicago,United States,America/Chicago,Pre-Seed; Seed,Consumer; Technology,,,Pre-seed and seed investor active across the Midwest and Southeast.,,,,Miami / Florida,"public web research, July 2026"
,Axioma Ventures,,,unknown,,Tampa,United States,America/New_York,Seed,Consumer; Technology,,,Tampa-area firm whose team includes the former CEO of Publix.,,,,Miami / Florida,"public web research, July 2026"
,Embarc Collective,,,unknown,,Tampa,United States,America/New_York,Pre-Seed; Seed,Technology; Consumer,,,"Tampa accelerator supporting early-stage companies with space, mentorship and investor connections.",,,,Miami / Florida,"public web research, July 2026"
,DeepWork Capital,,,unknown,,Orlando,United States,America/New_York,Seed; Series A,Technology; Health,,,Florida early-stage venture firm.,,,,Miami / Florida,"public web research, July 2026"
,New World Angels,,,unknown,,Boca Raton,United States,America/New_York,Seed,Technology; Consumer,,,Florida angel investor group.,,,,Miami / Florida,"public web research, July 2026"
,Gold Coast Angel Investors,,,unknown,,Fort Lauderdale,United States,America/New_York,Seed,Technology; Consumer,,,South Florida angel group.,,,,Miami / Florida,"public web research, July 2026"
,Black Angels Miami,,,unknown,,Miami,United States,America/New_York,Seed,Consumer; Technology,,,Miami angel group backing founders across sectors.,,,,Miami / Florida,"public web research, July 2026"
,Accelerated Growth Partners,,,unknown,,Miami,United States,America/New_York,Seed,Technology; Consumer,,,Florida angel and early-stage investment group.,,,,Miami / Florida,"public web research, July 2026"
,Alpha Wave Global,,,unknown,,Miami,United States,America/New_York,Growth,Technology; Consumer,,,Global investment firm with Miami presence.,,,,Miami / Florida,"public web research, July 2026"
,Blue Cloud Ventures,,,unknown,,Miami,United States,America/New_York,Growth,Software,,,Growth-stage software investor.,,,,Miami / Florida,"public web research, July 2026"
,SaaS Ventures,,,unknown,,Miami,United States,America/New_York,Seed,B2B SaaS,,,Seed investor in B2B software.,,,,Miami / Florida,"public web research, July 2026"
,Original Capital,,,unknown,,Miami,United States,America/New_York,Seed,Consumer; Technology,,,Miami early-stage investor.,,,,Miami / Florida,"public web research, July 2026"
,GTM Capital,,,unknown,,Miami,United States,America/New_York,Seed,Technology,,,Miami-based seed fund.,,,,Miami / Florida,"public web research, July 2026"
,L'ATTITUDE Ventures,,,unknown,,San Diego,United States,America/Los_Angeles,Pre-Seed; Seed; Series A,Consumer; Technology; Latino Founders,,,Purpose-driven firm investing in early-stage businesses led by US Latinos.,,,$100M+ platform; hosts its Match-Up competition at the L'ATTITUDE conference in Miami.,Latino-led / LatAm connected,"public web research, July 2026"
,Vamos Ventures,,,unknown,,Los Angeles,United States,America/Los_Angeles,Seed; Series A,Health; Financial; Future of Work; Sustainability,,,Invests at seed and Series A in Latino- and diverse-led companies across four sectors.,,,,Latino-led / LatAm connected,"public web research, July 2026"
,Chingona Ventures,,,unknown,,Chicago,United States,America/Chicago,Pre-Seed; Seed,FinTech; Software; Consumer,,,Invests at the earliest stages in founders building scalable companies from the ground up.,,,,Latino-led / LatAm connected,"public web research, July 2026"
,Mendoza Ventures,,,unknown,,Boston,United States,America/New_York,Seed,FinTech; AI; Consumer,,,"Latino-led fund investing in fintech, AI and cybersecurity.",,,,Latino-led / LatAm connected,"public web research, July 2026"
,Leap Global Partners,,,unknown,,San Francisco,United States,America/Los_Angeles,Seed,Technology; Consumer; Cross-Border,,,Invests in US Latino and Latin America cross-border founders.,,,,Latino-led / LatAm connected,"public web research, July 2026"
Kirsten Green,Forerunner Ventures,Founder,,unknown,,San Francisco,United States,America/Los_Angeles,Seed; Series A,Consumer; Commerce; CPG,$1M,$20M,"Consumer specialist; early investor in Warby Parker, Away and Glossier.",Warby Parker; Away; Glossier; Allbirds,Warby Parker; Away; Glossier; Allbirds,Raised $500M Fund VII; nearly $3B AUM.,Consumer generalist,"public web research, July 2026"
,Lerer Hippeau,,,unknown,,New York,United States,America/New_York,Pre-Seed; Seed,Consumer; Enterprise; CPG,,,"Seed first, New York first generalist that has backed culture-defining consumer brands.",Allbirds; Glossier; Warby Parker,Allbirds; Glossier; Warby Parker,Closed $200M for its ninth seed fund; over 400 companies invested; $1.2B AUM.,Consumer generalist,"public web research, July 2026"
Alan Patricof,Greycroft,Founder,,unknown,,New York,United States,America/New_York,Seed; Series A; Growth,Consumer; AI; Sustainability,,,"Combines AI-driven software, sustainability and consumer brands; also a growth investor in food delivery infrastructure.",,,461 portfolio companies; average seed $4.62M and Series A $11.5M.,Consumer generalist,"public web research, July 2026"
Nick Brown,Imaginary Ventures,Co-Founder,,unknown,,New York,United States,America/New_York,Seed; Series A,Consumer; Retail; Commerce,,,"Identifies, invests in and scales iconic consumer businesses at the intersection of retail and technology.",,,Founded 2018; roughly 50% of Fund I backed women founders.,Consumer generalist,"public web research, July 2026"
,Bullish,,,unknown,,New York,United States,America/New_York,Pre-Seed; Seed; Series A,Consumer; CPG; Brand,$500k,$3M,"Early-stage investment firm that doubles as a brand strategy agency, providing capital and hands-on brand support to consumer companies.",,,,Consumer generalist,"public web research, July 2026"
,XRC Ventures,,,unknown,,New York,United States,America/New_York,Pre-Seed; Seed; Series A,Retail Tech; Consumer; Commerce; CPG,,,"Invests in the future of retail, consumer and commerce technology across an Accelerator Fund, Technology Fund and Brand Capital Fund.",,,,Consumer generalist,"public web research, July 2026"
,Elizabeth Street Ventures,,,unknown,,New York,United States,America/New_York,Seed,Consumer; Consumer FinTech,,,Funds digital consumer and consumer fintech businesses transforming verticals.,,,,Consumer generalist,"public web research, July 2026"
,Maveron,,,unknown,,Seattle,United States,America/Los_Angeles,Seed; Series A,Consumer,,,Consumer-only venture firm.,,,,Consumer generalist,"public web research, July 2026"
,L Catterton,,,unknown,,Greenwich,United States,America/New_York,Growth,Consumer; Food & Beverage; Retail; Hospitality,,,"Consumer-focused private equity, among the largest by AUM.",,,Reported $37-40B AUM.,Consumer generalist,"public web research, July 2026"
,Spark Capital,,,unknown,,Boston,United States,America/New_York,Series A; Growth,Consumer; Technology,,,Consumer and technology investor.,,,$12B AUM.,Consumer generalist,"public web research, July 2026"
,Primary Venture Partners,,,unknown,,New York,United States,America/New_York,Seed,Consumer; B2B,$1M,$3M,NYC seed fund that led Allbirds and Harry's at seed.,Jet.com; Mirror,Jet.com; Mirror,,Consumer generalist,"public web research, July 2026"
,Homebrew,,,unknown,,San Francisco,United States,America/Los_Angeles,Seed,Consumer Marketplaces; D2C,$500k,$2M,"Seed fund for the bottom-up economy, consumer marketplaces and D2C brands.",The Farmer's Dog; Plaid,The Farmer's Dog; Plaid,,Consumer generalist,"public web research, July 2026"
,Brand Foundry Ventures,,,unknown,,Austin,United States,America/Chicago,Seed; Series A,Consumer Brands; E-commerce; Retail,,,Builds the next generation of consumer brands for digitally native audiences; leads seed and Series A.,,,,Consumer generalist,"public web research, July 2026"
,Silverton Partners,,,unknown,,Austin,United States,America/Chicago,Seed; Series A,Software; Consumer; CPG,,,"Austin early-stage firm investing in software, tech-enabled services and CPG brands.",,,,Consumer generalist,"public web research, July 2026"
,NEXT VENTURES,,,unknown,,Austin,United States,America/Chicago,Seed; Series A,Sports; Fitness; Nutrition; Wellness,,,"Invests in the sports, fitness, nutrition and wellness markets.",,,,Consumer generalist,"public web research, July 2026"
,Cowboy Ventures,,,unknown,,San Francisco,United States,America/Los_Angeles,Seed,Consumer Internet; Technology,,,Seed-stage consumer internet investor.,,,,Consumer generalist,"public web research, July 2026"
,NFX,,,unknown,,San Francisco,United States,America/Los_Angeles,Pre-Seed; Seed,Marketplaces; Network Effects; Consumer,,,Seed fund focused on network-effect businesses and marketplaces.,,,,Consumer generalist,"public web research, July 2026"
,Precursor Ventures,,,unknown,,San Francisco,United States,America/Los_Angeles,Pre-Seed,Consumer; Technology,,,Pre-seed generalist backing founders at the earliest stage.,,,,Consumer generalist,"public web research, July 2026"
,Headline,,,unknown,,San Francisco,United States,America/Los_Angeles,Seed; Series A; Growth,Marketplaces; Consumer; Network Effects,,,Formerly e.ventures; focused on marketplaces and network-effect businesses.,,,,Consumer generalist,"public web research, July 2026"
,Science Inc,,,unknown,,Santa Monica,United States,America/Los_Angeles,Seed; Series A,Consumer; D2C; Commerce,,,Studio and fund that built and backed Dollar Shave Club at seed.,,,,Consumer generalist,"public web research, July 2026"
,Crosscut Ventures,,,unknown,,Los Angeles,United States,America/Los_Angeles,Seed,Consumer; Technology,,,One of the largest seed-stage firms in Los Angeles.,,,,Consumer generalist,"public web research, July 2026"
,Mucker Capital,,,unknown,,Los Angeles,United States,America/Los_Angeles,Pre-Seed; Seed,Consumer; Software,,,Hands-on early-stage investor in Southern California software and internet companies.,,,,Consumer generalist,"public web research, July 2026"
,BAM Ventures,,,unknown,,Los Angeles,United States,America/Los_Angeles,Seed,E-commerce; Consumer,,,Consumer and e-commerce focused seed fund.,,,,Consumer generalist,"public web research, July 2026"
,Amplify.LA,,,unknown,,Los Angeles,United States,America/Los_Angeles,Pre-Seed; Seed,Consumer; Technology,,,Seed capital plus a collaborative community for LA founders.,,,,Consumer generalist,"public web research, July 2026"
,Wavemaker Partners,,,unknown,,Los Angeles,United States,America/Los_Angeles,Seed; Series A,Enterprise; Deep Tech; Consumer,,,Early-stage investor across enterprise and deep tech.,,,,Consumer generalist,"public web research, July 2026"
,GTMfund,,,unknown,,Austin,United States,America/Chicago,Seed,Go-to-Market; B2B; Consumer,,,Early-stage fund with a network of go-to-market executives.,,,,Consumer generalist,"public web research, July 2026"
,Hyde Park Venture Partners,,,unknown,,Chicago,United States,America/Chicago,Seed; Series A,B2B Software; Consumer Marketplaces,,,Midwest and Toronto early-stage firm focused on first and second rounds.,,,Raised $100M for its third fund.,Consumer generalist,"public web research, July 2026"
,Golden Ventures,,,unknown,,Toronto,Canada,America/Toronto,Seed,Consumer; Technology,,,Leading Toronto seed fund investing across North America.,,,,Consumer generalist,"public web research, July 2026"
,BrandProject,,,unknown,,Toronto,Canada,America/Toronto,Seed; Series A,Consumer Products; Consumer Services; Technology,,,Early-stage fund investing in and building consumer brands.,Daily Harvest; Freshly; Ritual; Chefs Plate; Pet Plate; Awake Chocolate,Daily Harvest; Freshly; Ritual; Chefs Plate; Pet Plate; Awake Chocolate,,Consumer generalist,"public web research, July 2026"
,GCI Capital,,,unknown,,Toronto,Canada,America/Toronto,Early Stage,Consumer; Food,,,Toronto early-stage private equity firm.,,,,Consumer generalist,"public web research, July 2026"
,SOSV,,,unknown,,Princeton,United States,America/New_York,Pre-Seed; Seed,Deep Tech; Food Tech; Biotech,$500k,$500k,Global deep tech fund investing $500K at inception through HAX and IndieBio.,,,,Consumer generalist,"public web research, July 2026"
,Preface Ventures,,,unknown,,New York,United States,America/New_York,Pre-Seed; Seed,Restaurant Tech; Software,,,Technology-focused firm evaluating software margins and customer acquisition cost.,,,,"Restaurant, hospitality & nightlife","public web research, July 2026"
,Pathbreaker Ventures,,,unknown,,San Francisco,United States,America/Los_Angeles,Pre-Seed; Seed,Technology; Consumer,,,Pre-seed and seed investor across emerging technology.,,,,Consumer generalist,"public web research, July 2026"
,Serendipity Investments,,,unknown,,,,,Seed,Food; Consumer,,,Backs food and consumer companies.,,,,Consumer generalist,"public web research, July 2026"
,Heartland Ventures,,,unknown,,Columbus,United States,America/New_York,Seed; Series A,Supply Chain; Consumer; Industrials,,,Connects coastal startups with Midwest corporate customers.,,,,Consumer generalist,"public web research, July 2026"
,Glasswing Ventures,,,unknown,,Boston,United States,America/New_York,Seed; Series A,AI; Consumer; Enterprise,,,Early-stage AI and frontier technology investor.,,,,Consumer generalist,"public web research, July 2026"
,Fernbrook,,,unknown,,,,,Seed,Consumer,,,Early-stage consumer investor.,,,,Consumer generalist,"public web research, July 2026"
,Outlander VC,,,unknown,,Atlanta,United States,America/New_York,Pre-Seed; Seed,Health; Wellness; Consumer,$500k,$2.5M,Writes early checks for transformative healthcare and wellness technology.,,,,Consumer generalist,"public web research, July 2026"
,Primetime Partners,,,unknown,,New York,United States,America/New_York,Seed,Longevity; Consumer; Health,,,Focused on longevity and quality of life for aging populations.,,,,Consumer generalist,"public web research, July 2026"
,Amboy Street Ventures,,,unknown,,New York,United States,America/New_York,Seed; Series A,Women's Health; Consumer Health,,,Specialises in women's health and sexual health startups.,,,,Consumer generalist,"public web research, July 2026"
,Speedinvest,,,unknown,,,,,Pre-Seed; Seed,Consumer; Technology,,,Pre-seed and seed investor with sector-focused teams.,,,,Consumer generalist,"public web research, July 2026"
Guy Oseary,Sound Ventures,Co-Founder,,unknown,,Los Angeles,United States,America/Los_Angeles,Seed; Series A; Growth,Consumer; Technology; AI,,,Founded by Ashton Kutcher and Guy Oseary; invests across consumer and technology.,,,,"Operator, athlete & talent-led consumer fund","public web research, July 2026"
Serena Williams,Serena Ventures,Founder,,unknown,,San Francisco,United States,America/Los_Angeles,Seed,Consumer; Technology; CPG,,,Backs early-stage companies with a focus on founders from diverse backgrounds.,,,Invested in more than 60 brands.,"Operator, athlete & talent-led consumer fund","public web research, July 2026"
Kim Kardashian,Skky Partners,Co-Founder,,unknown,,Los Angeles,United States,America/Los_Angeles,Growth,Consumer Products; Media; Hospitality; Luxury,,,"Private equity investing in consumer products, media and entertainment, hospitality and luxury.",,,,"Operator, athlete & talent-led consumer fund","public web research, July 2026"
,Marcy Venture Partners,,,unknown,,New York,United States,America/New_York,Seed; Series A,Consumer; Media; CPG,,,Consumer-focused fund co-founded by Shawn Carter.,,,,"Operator, athlete & talent-led consumer fund","public web research, July 2026"
Snoop Dogg,Casa Verde Capital,Co-Founder,,unknown,,Los Angeles,United States,America/Los_Angeles,Seed; Series A,Cannabis; Consumer,,,Consumer and cannabis-adjacent investor.,,,,"Operator, athlete & talent-led consumer fund","public web research, July 2026"
Stephen Curry,SC30,Founder,,unknown,,San Francisco,United States,America/Los_Angeles,Seed; Series A,Consumer; Sports; Media,,,"Investment vehicle spanning consumer, sports and media.",,,,"Operator, athlete & talent-led consumer fund","public web research, July 2026"
,Penny Jar Capital,,,unknown,,San Francisco,United States,America/Los_Angeles,Seed; Series A,Consumer; Technology,,,Early-stage fund investing across consumer and technology.,,,,"Operator, athlete & talent-led consumer fund","public web research, July 2026"
Joe Montana,Liquid 2 Ventures,Founder,,unknown,,San Francisco,United States,America/Los_Angeles,Pre-Seed; Seed,Consumer; Technology,,,Seed fund with a large portfolio across technology and consumer.,,,,"Operator, athlete & talent-led consumer fund","public web research, July 2026"
Aaron Rodgers,Rx3 Ventures,Co-Founder,,unknown,,Los Angeles,United States,America/Los_Angeles,Seed; Series A,Consumer; Brands,,,Consumer-market fund launched with a $50M debut vehicle.,,,,"Operator, athlete & talent-led consumer fund","public web research, July 2026"
Kevin Hart,HartBeat Ventures,Founder,,unknown,,Los Angeles,United States,America/Los_Angeles,Seed; Series A,Consumer; Media; Lifestyle,,,Consumer and lifestyle fund.,,,,"Operator, athlete & talent-led consumer fund","public web research, July 2026"
,Techstars Future of Food,,,unknown,,Minneapolis,United States,America/Chicago,Pre-Seed,Food; AgTech; Food Tech,$20k,$120k,Accelerator with Ecolab for startups across the food supply chain; up to $120K per company.,,,Formerly Techstars Farm to Fork; portfolio has raised $154M.,Accelerator or programme,"public web research, July 2026"
,Terra Food and Ag Tech Accelerator,,,unknown,,San Francisco,United States,America/Los_Angeles,Pre-Seed,Food Tech; AgTech,,,Food and agriculture technology accelerator.,,,,Accelerator or programme,"public web research, July 2026"
,Good Food Accelerator,,,unknown,,Chicago,United States,America/Chicago,Pre-Seed,Food; CPG,,,"Runs Go To Market, Accelerate For Growth and Market Access programmes for food entrepreneurs.",,,,Accelerator or programme,"public web research, July 2026"
,Chobani Incubator,,,unknown,,New York,United States,America/New_York,Pre-Seed,Food & Beverage; CPG,,,Incubator for early-stage food and beverage companies.,,,,Accelerator or programme,"public web research, July 2026"
,SKU,,,unknown,,Austin,United States,America/Chicago,Pre-Seed,CPG; Food & Beverage,,,"The first CPG accelerator in the US; twelve weeks of coaching across branding, supply chain and distribution.",,,,Accelerator or programme,"public web research, July 2026"
,Union Kitchen,,,unknown,,Washington,United States,America/New_York,Pre-Seed; Seed,Food & Beverage; CPG,,,"Food business accelerator with kitchen, distribution and retail infrastructure.",,,,Accelerator or programme,"public web research, July 2026"
Mike Cardenas,,Angel Investor,,unknown,,Miami,United States,America/New_York,Seed,Real Estate Tech; Consumer,,,Miami angel with 20+ local portfolio companies since 2020.,,,,Named angel investor,"public web research, July 2026"
Ana Paula Pessoa,,Angel Investor,,unknown,,Miami,United States,America/New_York,Seed,PropTech; FinTech,,,Miami-based angel investing in proptech and fintech.,,,,Named angel investor,"public web research, July 2026"
Marcelo Claure,,Angel Investor,,unknown,,Miami,United States,America/New_York,Seed,FinTech; Marketplaces,$500k,$500k,Backed multiple Miami companies with $500K+ checks into fintech and marketplaces.,,,,Named angel investor,"public web research, July 2026"
Jorge Mas,,Angel Investor,,unknown,,Miami,United States,America/New_York,Seed,Healthcare; Consumer,,,Miami angel investing across healthcare and consumer.,,,,Named angel investor,"public web research, July 2026"
Carlos Garcia,,Angel Investor,,unknown,,Miami,United States,America/New_York,Seed,FinTech; Payments,,,Miami angel specialising in payments and lending.,,,,Named angel investor,"public web research, July 2026"
Brian Spaly,,Angel Investor,,unknown,,San Francisco,United States,America/Los_Angeles,Pre-Seed; Seed,Consumer; D2C; Food & Beverage,,,Consumer and D2C operator-angel active in food and beverage.,,,,Named angel investor,"public web research, July 2026"
Ramanan Raghavendran,,Angel Investor,,unknown,,New York,United States,America/New_York,Pre-Seed; Seed,Consumer; Food & Beverage,,,Pre-seed angel active in food and beverage.,,,,Named angel investor,"public web research, July 2026"
Seth Levine,,Angel Investor,,unknown,,Boulder,United States,America/Denver,Seed,Consumer; Food & Beverage,,,Seed angel active in food and beverage.,,,,Named angel investor,"public web research, July 2026"
Marvin Liao,,Angel Investor,,unknown,,San Francisco,United States,America/Los_Angeles,Pre-Seed; Seed,Consumer; Food & Beverage,,,Seed angel active in food and beverage.,,,,Named angel investor,"public web research, July 2026"
Lauren Loktev,,Angel Investor,,unknown,,New York,United States,America/New_York,Seed,Consumer; Food & Beverage,,,Seed angel active in food and beverage.,,,,Named angel investor,"public web research, July 2026"
Jeff Pomeranz,,Angel Investor,,unknown,,,,,Pre-Seed,Consumer; Food & Beverage,,,Pre-seed angel active in food and beverage.,,,,Named angel investor,"public web research, July 2026"
,Roark Capital,,,unknown,,Atlanta,United States,America/New_York,Growth,Restaurants; Franchise; Consumer,,,"The largest restaurant-focused private equity platform, built around franchised multi-unit brands.",Subway; Inspire Brands; Dunkin'; Jimmy John's; Cinnabon; Auntie Anne's; Jamba,Subway; Inspire Brands; Dunkin'; Jimmy John's; Cinnabon; Auntie Anne's; Jamba,,"Restaurant, hospitality & nightlife","public web research, July 2026"
,Blackstone,,,unknown,,New York,United States,America/New_York,Growth,Restaurants; Franchise; Consumer,,,Global private equity with an active restaurant franchise portfolio.,Jersey Mike's; Tropical Smoothie Cafe,Jersey Mike's; Tropical Smoothie Cafe,,"Restaurant, hospitality & nightlife","public web research, July 2026"
,Bain Capital,,,unknown,,Boston,United States,America/New_York,Growth,Restaurants; Consumer; Franchise,,,Has owned major restaurant platforms and holds current restaurant positions.,Domino's; Dunkin',Domino's; Dunkin',,"Restaurant, hospitality & nightlife","public web research, July 2026"
,Thoma Bravo,,,unknown,,Chicago,United States,America/Chicago,Growth,Restaurant Tech; Software,,,Software-focused private equity active in restaurant technology.,Olo,Olo,Acquired Olo for $2 billion.,"Restaurant, hospitality & nightlife","public web research, July 2026"
,Insight Partners,,,unknown,,New York,United States,America/New_York,Growth,Restaurant Tech; Software; Commerce,,,Growth investor across software including restaurant technology.,Olo,Olo,,"Restaurant, hospitality & nightlife","public web research, July 2026"
,Redpoint Ventures,,,unknown,,Menlo Park,United States,America/Los_Angeles,Seed; Series A,Restaurant Tech; Software; Consumer,,,Early-stage investor; Series A investor in Olo before its IPO.,Olo,Olo,,"Restaurant, hospitality & nightlife","public web research, July 2026"
,TCV,,,unknown,,Menlo Park,United States,America/Los_Angeles,Growth,Restaurant Tech; Technology,,,Growth-stage technology investor.,Toast,Toast,Led Toast's Series E.,"Restaurant, hospitality & nightlife","public web research, July 2026"
,Base10 Partners,,,unknown,,San Francisco,United States,America/Los_Angeles,Seed; Series A,Restaurant Tech; Automation; Consumer,,,"Invests in the automation of the real economy, including restaurant technology.",,,,"Restaurant, hospitality & nightlife","public web research, July 2026"
,Craft Ventures,,,unknown,,San Francisco,United States,America/Los_Angeles,Seed; Series A,Restaurant Tech; SaaS; Marketplaces,,,Early-stage fund active in restaurant and hospitality software.,,,,"Restaurant, hospitality & nightlife","public web research, July 2026"
,Menlo Ventures,,,unknown,,San Francisco,United States,America/Los_Angeles,Seed; Series A; Growth,Restaurant Tech; Consumer; Technology,,,Multi-stage investor active in restaurant technology.,,,,"Restaurant, hospitality & nightlife","public web research, July 2026"
,Union Square Ventures,,,unknown,,New York,United States,America/New_York,Seed; Series A,Marketplaces; Restaurant Tech; Consumer,,,Thesis-driven early-stage investor active in restaurant and marketplace software.,,,,"Restaurant, hospitality & nightlife","public web research, July 2026"
,Left Lane Capital,,,unknown,,New York,United States,America/New_York,Series A; Growth,Consumer Internet; Restaurant Tech,,,Growth investor in consumer internet businesses.,,,,"Restaurant, hospitality & nightlife","public web research, July 2026"
,HighSage Ventures,,,unknown,,Boston,United States,America/New_York,Series A; Growth,Restaurant Tech; Technology,,,Investor active in restaurant technology.,,,,"Restaurant, hospitality & nightlife","public web research, July 2026"
,QED Investors,,,unknown,,Alexandria,United States,America/New_York,Seed; Series A,FinTech; Embedded Payments; Restaurant Tech,,,Fintech specialist focused on embedded payments; backed Toast.,Toast,Toast,,"Restaurant, hospitality & nightlife","public web research, July 2026"
,NYCA Partners,,,unknown,,New York,United States,America/New_York,Seed; Series A,FinTech; Payments; Restaurant Tech,,,Fintech and payments investor active in restaurant technology.,,,,"Restaurant, hospitality & nightlife","public web research, July 2026"
,Fin Capital,,,unknown,,Miami,United States,America/New_York,Seed; Series A,FinTech; B2B SaaS,,,Fintech-focused firm with Miami presence.,,,,Miami / Florida,"public web research, July 2026"
,DST Global,,,unknown,,,,,Growth,Consumer Internet; Delivery,,,Late-stage consumer internet investor.,,,,"Delivery, logistics & marketplace","public web research, July 2026"
,Valor Equity Partners,,,unknown,,Chicago,United States,America/Chicago,Series A; Growth,Consumer; Technology; Operations,,,"Operations-focused growth investor, active in Miami.",,,,Miami / Florida,"public web research, July 2026"
,Costanoa Ventures,,,unknown,,San Francisco,United States,America/Los_Angeles,Seed; Series A,B2B SaaS; Data,,,Early-stage enterprise investor listed among firms active in Miami.,,,,Miami / Florida,"public web research, July 2026"
,RRE Ventures,,,unknown,,New York,United States,America/New_York,Seed; Series A,Consumer; Technology,,,Early-stage generalist listed among firms active in Miami.,,,,Miami / Florida,"public web research, July 2026"
,Boldstart Ventures,,,unknown,,New York,United States,America/New_York,Pre-Seed; Seed,Enterprise; Developer Tools,,,Pre-seed enterprise investor listed among firms active in Miami.,,,,Miami / Florida,"public web research, July 2026"
,Arrington Capital,,,unknown,,Miami,United States,America/New_York,Seed; Growth,Crypto; Technology,,,Digital asset investor with Miami activity.,,,,Miami / Florida,"public web research, July 2026"
,Point72 Ventures,,,unknown,,New York,United States,America/New_York,Seed; Series A,FinTech; Technology,,,Multi-stage venture arm listed among firms active in Miami.,,,,Miami / Florida,"public web research, July 2026"
