Tier,Full Name,Firm,Title,Email,Email Confidence,City,Country,Timezone,Investment Stages,Sectors,Check Size Min,Check Size Max,Thesis,Portfolio Companies,Recent Investments,Recent Writing,Segment,Audit Notes
A,Gurdeep Prewal,Rocana Venture Partners,Co-Founder and General Partner,,unknown,Los Angeles,United States,America/Los_Angeles,Pre-Seed; Seed,Food & Beverage; CPG; Wellness; Beauty,,,"Invests in early-stage consumer packaged goods brands, primarily food and beverage, with secondary focus on beauty, wellness, pet and fitness.",Olipop; Poppi,Olipop; Poppi,Founded February 2018; co-founder spent 17 years in investment banking M&A across North America and Asia.,Food & beverage / CPG specialist,contact verified during the audit
A,Brett Thomas,CAVU Consumer Partners,Co-Founder and Managing Partner,,unknown,New York,United States,America/New_York,Seed; Series A; Growth,Food & Beverage; Consumer; Wellness,,,Consumer-brand builders investing with a hands-on style that emphasises close collaboration with founders.,Beyond Meat; Oatly; The Farmer's Dog,Beyond Meat; Oatly; The Farmer's Dog,Co-founder previously Partner and Chief Marketing Officer at Glaceau.,Food & beverage / CPG specialist,contact verified during the audit
A,Genevieve Gilbreath,Springdale Ventures,Co-Founder,,unknown,Austin,United States,America/Chicago,Seed; Series A,Food & Beverage; CPG; Pet; Health & Beauty,$1M,$1M,"Emerging consumer brands across food, beverage, pet, health and beauty at seed through Series A.",,,Raised $40M for Fund II targeting early-stage CPG brands.,Food & beverage / CPG specialist,contact verified during the audit
B,,Selva Ventures,,,unknown,San Francisco,United States,America/Los_Angeles,Seed; Series A,Consumer; Health & Wellness; CPG,,,"Backs emerging consumer brands improving health and wellness, prioritising clean ingredients, typically before $10M in annual sales.",,,,Food & beverage / CPG specialist,consumer-adjacent rather than food/hospitality specific; thin evidence — no portfolio or recent activity captured
A,Tom Spier,Boulder Food Group,Founder,,unknown,Boulder,United States,America/Denver,Seed; Series A,Food & Beverage; CPG,,,Partners with early-stage food and beverage consumer product companies.,,,Raised a $100M fund for early-stage food and beverage.,Food & beverage / CPG specialist,contact verified during the audit
A,Melissa Facchina,Siddhi Capital,Co-Founder and General Partner,,unknown,,,,Seed; Series A; Growth,Food & Beverage; CPG; Food Tech,,,"Growth-stage CPG brands providing restaurant-quality foods and beverages, plus food-tech; roughly two-thirds CPG and one-third food-tech.",,,Raised $135M for Fund II.,Food & beverage / CPG specialist,contact verified during the audit
A,,Big Idea Ventures,,,unknown,New York,United States,America/New_York,Pre-Seed; Seed,Food Tech; Plant-Based; CPG,,,Venture fund focused on the plant-based and alternative protein food sector.,,,45 companies invested as of March 2026.,Food & beverage / CPG specialist,
A,,Stray Dog Capital,,,unknown,Kansas City,United States,America/Chicago,Seed; Series A,Food Tech; Plant-Based; CPG,,,Emerging plant-based brands and alternative protein.,Kite Hill; Beyond Meat; Miyoko's; Good Catch,Kite Hill; Beyond Meat; Miyoko's; Good Catch,,Food & beverage / CPG specialist,
A,,Clear Current Capital,,,unknown,,,,Seed,Food Tech; Plant-Based,,,Invests in plant-based and alternative protein startups.,,,,Food & beverage / CPG specialist,thin evidence — no portfolio or recent activity captured
A,,S2G Investments,,,unknown,Chicago,United States,America/Chicago,Seed; Series A; Growth,Food; Agriculture; Oceans; Energy,,,"Multi-stage investor across food and agriculture, oceans and energy, backing healthier and more sustainable systems from seed to post-IPO.",,,$2.5B in committed capital.,Food & beverage / CPG specialist,
A,,Astanor Ventures,,,unknown,,,,Seed; Series A; Growth,Food; Agriculture; Impact,,,"Backs entrepreneurs regenerating the food, blue ocean economy and agriculture sectors.",,,,Food & beverage / CPG specialist,thin evidence — no portfolio or recent activity captured
A,,AgFunder,,,unknown,San Francisco,United States,America/Los_Angeles,Seed,Food Tech; AgTech,,,"Global venture firm backing deeptech across food and agriculture, AI, biotech and robotics.",,,,Food & beverage / CPG specialist,thin evidence — no portfolio or recent activity captured
A,Brian Rosen,InvestBev,Founder,,unknown,Chicago,United States,America/Chicago,Seed; Growth,Beverage; Adult Beverage; Beverage Tech,,,"Private equity dedicated to the adult beverage industry: brands, raw distillate, beverage technology and cannabis beverage.",,,$300M AUM and $100M in private credit; announced a $14M strategic investment in January 2026.,Food & beverage / CPG specialist,contact verified during the audit
A,,BeliV,,,unknown,,,,Seed; Series A,Beverage; Food & Beverage,,,Beverage-focused investor.,,,Co-led Bulletproof's $13M raise.,Food & beverage / CPG specialist,
A,,301 INC,,,unknown,Minneapolis,United States,America/Chicago,Seed; Series A,Food & Beverage; CPG,,,"General Mills' venture arm, investing in emerging food and beverage brands.",Kite Hill; Good Culture; Tio Gazpacho; Rhythm Superfoods,Kite Hill; Good Culture; Tio Gazpacho; Rhythm Superfoods,,Corporate venture arm,
A,,SnackFutures Ventures,,,unknown,Chicago,United States,America/Chicago,Seed; Series A,Food & Beverage; Snacking; CPG,,,"Mondelez International's corporate venture arm, pushing the boundaries of snacking.",,,,Corporate venture arm,thin evidence — no portfolio or recent activity captured
A,,Danone Manifesto Ventures,,,unknown,New York,United States,America/New_York,Seed; Series A,Food & Beverage; Health,,,"Danone's venture arm supporting companies that promote healthier, more sustainable eating practices.",,,,Corporate venture arm,thin evidence — no portfolio or recent activity captured
A,,Cultivate Ventures,,,unknown,,,,Seed; Series A,Food & Beverage; CPG,,,Hain Celestial's platform investing in lifestyle brands and emerging concepts.,,,,Corporate venture arm,thin evidence — no portfolio or recent activity captured
A,,Evolv Ventures,,,unknown,Chicago,United States,America/Chicago,Seed; Series A,Food Tech; Consumer; Commerce,,,Kraft Heinz-backed venture fund investing in technology across the food ecosystem.,,,,Corporate venture arm,thin evidence — no portfolio or recent activity captured
B,,Unilever Ventures,,,unknown,,,,Seed; Series A,Consumer; Beauty; Personal Care,,,"Unilever's venture arm, a strategic CPG partner to consumer brands.",,,,Corporate venture arm,consumer-adjacent rather than food/hospitality specific; thin evidence — no portfolio or recent activity captured
B,,Companion Fund,,,unknown,,,,Seed; Series A,Consumer; Pet; CPG,,,Mars-backed fund investing alongside consumer brands.,,,,Corporate venture arm,consumer-adjacent rather than food/hospitality specific; thin evidence — no portfolio or recent activity captured
B,,Shopify Ventures,,,unknown,Toronto,Canada,America/Toronto,Seed; Series A,Commerce; Retail Tech,,,Strategic capital into startups that enhance the commerce ecosystem.,,,,Corporate venture arm,outside the US; unlikely to lead a first US seed
A,,Almanac Investments,,,unknown,,,,Seed,Food & Beverage; CPG,,,Supports innovative food and beverage startups.,,,,Food & beverage / CPG specialist,thin evidence — no portfolio or recent activity captured
A,,Ridgeline Ventures,,,unknown,,,,Seed; Series A,Food & Beverage; Consumer,,,Backs emerging food and beverage and consumer companies.,,,,Food & beverage / CPG specialist,thin evidence — no portfolio or recent activity captured
A,Frank T. Lin,Silas Capital,Co-Founder and Managing Partner,,unknown,New York,United States,America/New_York,Seed; Series A; Growth,Consumer; Consumer Brands; Food & Beverage,,,Venture and growth equity firm growing the next generation of consumer brands.,,,Closed Fund II at a $150M hard cap.,Food & beverage / CPG specialist,contact verified during the audit
A,,AF Ventures,,,unknown,New York,United States,America/New_York,Seed; Series A,Food & Beverage; CPG; Consumer,,,Active food and beverage investor backing emerging consumer brands.,,,,Food & beverage / CPG specialist,thin evidence — no portfolio or recent activity captured
A,Nate Cooper,Barrel Ventures,Founder and Managing Partner,,unknown,,,,Seed,Food; Restaurants; Food Tech,,,Seed-stage fund investing across the food ecosystem.,,,"Founder was a founding partner of L3 Hospitality Group, owner of LYFE Kitchen, and later founded Wise Apple.","Restaurant, hospitality & nightlife",contact verified during the audit
A,Brett Brohl,Bread and Butter Ventures,Founder and Managing Partner,,unknown,Minneapolis,United States,America/Chicago,Seed; Series A,Food Tech; Food & Ag; Consumer,,,"Invests in founders across food and ag tech, health tech and enterprise SaaS, leveraging Minnesota's corporate food industry connections.",,,Raised $27M for its third fund; managing partner formerly ran the Techstars Farm to Fork accelerator with Cargill and Ecolab.,Food & beverage / CPG specialist,contact verified during the audit
A,,Five Seasons Ventures,,,unknown,,,,Seed; Series A,Food & Beverage; Food Tech,,,European food and agriculture technology venture fund.,,,,Food & beverage / CPG specialist,thin evidence — no portfolio or recent activity captured
A,,Melitas Ventures,,,unknown,,,,Seed; Series A,Food & Beverage; CPG,,,Invests in emerging food and beverage brands.,,,,Food & beverage / CPG specialist,thin evidence — no portfolio or recent activity captured
A,,Sandbox Industries,,,unknown,Chicago,United States,America/Chicago,Seed; Series A,Food & Beverage; AgTech; Insurance,,,"Invests across food, agriculture and adjacent sectors.",,,,Food & beverage / CPG specialist,thin evidence — no portfolio or recent activity captured
A,,Better Food Ventures,,,unknown,San Francisco,United States,America/Los_Angeles,Pre-Seed; Seed,Food Tech; Restaurant Tech,,,Early-stage investor funding concept-to-market food technology startups.,,,,Food & beverage / CPG specialist,thin evidence — no portfolio or recent activity captured
A,Peter Herz,1st Course Capital,Founding General Partner,,unknown,Redwood City,United States,America/Los_Angeles,Pre-Seed; Seed,Restaurant Tech; Food Tech; Supply Chain; Consumer,,,"Invests in restaurant technology, food technology and supply chain across North America.",,,Founded 2019; general partner sits on the Menus of Change advisory work.,"Restaurant, hospitality & nightlife","contact verified during the audit; 2 partners known at this firm — contact one, not all"
A,Renske Lynde,1st Course Capital,Founding General Partner,,unknown,Redwood City,United States,America/Los_Angeles,Pre-Seed; Seed,Restaurant Tech; Food Tech; Supply Chain; Consumer,,,"Invests in restaurant technology, food technology and supply chain across North America.",,,"Founded 2019, headquartered in Redwood City.","Restaurant, hospitality & nightlife","contact verified during the audit; 2 partners known at this firm — contact one, not all"
A,,FoodLabs,,,unknown,,,,Pre-Seed; Seed,Food Tech; Food & Beverage,,,Early-stage food technology and sustainability investor.,,,,Food & beverage / CPG specialist,thin evidence — no portfolio or recent activity captured
A,,PeakBridge,,,unknown,,,,Seed; Series A; Series B,Food Tech; Food & Beverage,,,"Global impact venture fund connecting the people, technology and processes shaping the future of food, from early stage to Series A-B.",,,,Food & beverage / CPG specialist,thin evidence — no portfolio or recent activity captured
A,Lauren Abda,Branch Venture Group,Co-Founder,,unknown,Boston,United States,America/New_York,Seed,Food & Beverage; Food Tech; Hospitality Tech; Consumer,$500k,$3M,"The largest US angel network investing exclusively in food-related startups, spanning food and beverage, hospitality technology and marketplaces.",,,"Has invested over $3.7M across 18 portfolio companies since 2017, backing founders raising between $500K and $3M.",Food & beverage / CPG specialist,contact verified during the audit
A,,Fresh Source Capital,,,unknown,Boston,United States,America/New_York,Seed; Series A,Food; Food Tech,,,"Funds companies whose products, services and technologies provide better food to consumers and institutions.",,,,Food & beverage / CPG specialist,thin evidence — no portfolio or recent activity captured
A,,Breakaway Ventures,,,unknown,Boston,United States,America/New_York,Seed,Consumer; Food & Beverage,,,Consumer-focused venture capital firm.,,,,Consumer generalist,thin evidence — no portfolio or recent activity captured
A,,Trailhead Capital,,,unknown,Boulder,United States,America/Denver,Seed,Food; AgTech; Regenerative,,,Seed and early-stage investor in regenerative food and agriculture.,,,,Food & beverage / CPG specialist,thin evidence — no portfolio or recent activity captured
B,Arlene Dickinson,District Ventures Capital,Managing Partner,,unknown,Calgary,Canada,America/Edmonton,Seed; Series A,Food & Beverage; Health; CPG,,,Invests in innovative food and health sector companies.,,,,Food & beverage / CPG specialist,outside the US; unlikely to lead a first US seed
A,,Ankur Capital,,,unknown,,,,Seed; Series A,Food; AgTech,,,Early-stage investor across food and agriculture.,,,,Food & beverage / CPG specialist,thin evidence — no portfolio or recent activity captured
A,,Winklevoss Capital,,,unknown,New York,United States,America/New_York,Seed,Consumer; Food & Beverage; Crypto,,,Backs early-stage consumer and food and beverage companies.,,,,Consumer generalist,thin evidence — no portfolio or recent activity captured
A,,Lattice Ventures,,,unknown,New York,United States,America/New_York,Seed,Consumer; Food & Beverage,,,Seed investor across consumer and food categories.,,,,Consumer generalist,thin evidence — no portfolio or recent activity captured
A,,Math Venture Partners,,,unknown,Chicago,United States,America/Chicago,Seed; Series A,Consumer; Marketplaces; Food & Beverage,,,Backs companies with distribution advantage.,,,,Consumer generalist,thin evidence — no portfolio or recent activity captured
B,,Sugar Capital,,,unknown,San Francisco,United States,America/Los_Angeles,Seed,Consumer; CPG; Commerce,,,Seed-stage consumer and commerce investor.,,,,Consumer generalist,consumer-adjacent rather than food/hospitality specific; thin evidence — no portfolio or recent activity captured
B,,True Beauty Ventures,,,unknown,New York,United States,America/New_York,Seed; Series A,Beauty; Consumer; CPG,,,Beauty and personal care consumer brands.,,,,Consumer generalist,consumer-adjacent rather than food/hospitality specific; thin evidence — no portfolio or recent activity captured
A,,Crush Ventures,,,unknown,New York,United States,America/New_York,Seed,Consumer; Food & Beverage; Music,,,Seed-stage consumer investor with brand-building support.,,,,Consumer generalist,thin evidence — no portfolio or recent activity captured
A,Jimmy Frischling,Branded Hospitality Ventures,Co-Founder and Managing Partner,,unknown,New York,United States,America/New_York,Pre-Seed; Seed; Series A,Hospitality; Food & Beverage; Restaurant Tech; Foodservice,,,"Investment, advisory and media platform driving growth in foodservice and hospitality, investing in technology-driven food and beverage concepts.",Blanket; Brizo FoodMetrics; Copia; Cut+Dry; Incentivio; Minnow; Ovation; Simple Marketplace; Spendgo; TapRm; Targetable; Usual Wines,Blanket; Brizo FoodMetrics; Copia; Cut+Dry; Incentivio; Minnow; Ovation; Simple Marketplace; Spendgo; TapRm; Targetable; Usual Wines,Managing partner sits on the boards of a dozen portfolio companies across restaurant technology and beverage.,"Restaurant, hospitality & nightlife",contact verified during the audit
A,Greg Golkin,Kitchen Fund,Managing Partner,,unknown,New York,United States,America/New_York,Seed; Series A,Restaurants; Food & Beverage; Restaurant Tech,,,Early-stage specialist investing exclusively in restaurant innovation.,Curry Up Now; The Pie Hole; Gregorys Coffee; JUICER,Curry Up Now; The Pie Hole; Gregorys Coffee; JUICER,"Invested in Gregorys Coffee (2025) and JUICER's $5.3M seed round (2024). Backed CAVA, and was an early institutional investor in Sweetgreen.","Restaurant, hospitality & nightlife",has funded a comparable company — see recent activity
A,Dan Rowe,Kitchen Fund,Managing Partner,,unknown,New York,United States,America/New_York,Seed; Series A,Restaurants; Food & Beverage; Restaurant Tech,,,Early-stage specialist investing exclusively in restaurant innovation.,Curry Up Now; The Pie Hole; Gregorys Coffee; JUICER,Curry Up Now; The Pie Hole; Gregorys Coffee; JUICER,"Partner focused on growth equity and sustainable restaurant businesses. Backed CAVA, and was an early institutional investor in Sweetgreen.","Restaurant, hospitality & nightlife",has funded a comparable company — see recent activity
A,Akash Mirchandani,Kitchen Fund,Partner,,unknown,New York,United States,America/New_York,Seed; Series A,Restaurants; Food & Beverage; Restaurant Tech,,,Early-stage specialist investing exclusively in restaurant innovation.,Curry Up Now; The Pie Hole; Gregorys Coffee; JUICER,Curry Up Now; The Pie Hole; Gregorys Coffee; JUICER,"Partner specialising in financial analysis and market selection. Backed CAVA, and was an early institutional investor in Sweetgreen.","Restaurant, hospitality & nightlife",has funded a comparable company — see recent activity
A,Lorrain de Silva,Best Nights VC,Managing Director,,unknown,New York,United States,America/New_York,Pre-Seed; Seed; Series A,Nightlife; Hospitality Tech; Consumer Experience; Food & Beverage,$300k,$1M,"Backs nightlife, hospitality-tech and consumer-experience startups reimagining how people gather socially; describes itself as an impact fund for nightlife.",,,"Rebranded at the end of 2021 to focus purely on venture investment, writing cheques from pre-seed up to Series A.","Restaurant, hospitality & nightlife",contact verified during the audit
A,,Thayer Investment Partners,,,unknown,San Francisco,United States,America/Los_Angeles,Seed; Series A,Hospitality; Travel; Restaurant Tech,,,Early-stage travel and hospitality technology; formed by the combination of Thayer Ventures and Derive Ventures.,Sonder; Mews; Duetto; Canary Technologies; NoiseAware; HyperGuest; Operto,Sonder; Mews; Duetto; Canary Technologies; NoiseAware; HyperGuest; Operto,"Four active vehicles, over $300M deployed and 30+ active portfolio companies.","Restaurant, hospitality & nightlife",
A,Don Thompson,Cleveland Avenue,Founder,,unknown,Chicago,United States,America/Chicago,Seed; Series A; Growth,Restaurants; Food Tech; Beverage; Consumer,,,"Chicago venture firm investing in restaurant, food tech and beverage companies across North America, founded by the former CEO of McDonald's.",Beyond Meat; Bhakti; Farmwise Foods; Bright Cellars,Beyond Meat; Bhakti; Farmwise Foods; Bright Cellars,Runs a $70M CAST US fund mandated to deploy 75% into Black- and Hispanic-owned companies.,"Restaurant, hospitality & nightlife",contact verified during the audit
A,Jeff Cantalupo,Listen Ventures,Co-Founder and Managing Partner,,unknown,Chicago,United States,America/Chicago,Seed; Series A,Consumer; Consumer Brands; Food & Beverage,,,Consumer-obsessed venture firm that invests beyond capital to become a partner in building the brand.,Calm; Catch Co; Dame; Factor; Interior Define,Calm; Catch Co; Dame; Factor; Interior Define,Raised $92M across two new funds.,Food & beverage / CPG specialist,"contact verified during the audit; 2 partners known at this firm — contact one, not all"
A,Rick Desai,Listen Ventures,Co-Founder and Managing Partner,,unknown,Chicago,United States,America/Chicago,Seed; Series A,Consumer; Consumer Brands; Food & Beverage,,,Consumer-obsessed venture firm that invests beyond capital to become a partner in building the brand.,Calm; Catch Co; Dame; Factor; Interior Define,Calm; Catch Co; Dame; Factor; Interior Define,Co-founder co-leads the investment committee.,Food & beverage / CPG specialist,"contact verified during the audit; 2 partners known at this firm — contact one, not all"
A,Jay Owen,Dom Capital Group,Co-Founder and Managing Partner,,unknown,Chicago,United States,America/Chicago,Seed; Series A,Hospitality; Food; Grocery; Food Tech,,,"Chicago investment and private capital group focused on hospitality, food and grocery, and food technology.",Junzi Kitchen,Junzi Kitchen,Founded 2007 by the family behind the Dominick's grocery chain.,"Restaurant, hospitality & nightlife","contact verified during the audit; 2 partners known at this firm — contact one, not all"
A,Anthony Owen,Dom Capital Group,Co-Founder and Managing Partner,,unknown,Chicago,United States,America/Chicago,Seed; Series A,Hospitality; Food; Grocery; Food Tech,,,"Chicago investment and private capital group focused on hospitality, food and grocery, and food technology.",Junzi Kitchen,Junzi Kitchen,Founded 2007 by the family behind the Dominick's grocery chain.,"Restaurant, hospitality & nightlife","contact verified during the audit; 2 partners known at this firm — contact one, not all"
B,,Sequoia Capital,,,unknown,San Francisco,United States,America/Los_Angeles,Seed; Series A; Growth,Delivery; Marketplaces; Technology,$1M,$200M,"Deep logistics and delivery portfolio, technology-first delivery solutions from seed to growth.",DoorDash,DoorDash,,"Delivery, logistics & marketplace",consumer-adjacent rather than food/hospitality specific
A,,Andreessen Horowitz,,,unknown,Menlo Park,United States,America/Los_Angeles,Seed; Series A; Growth,Food Tech; Ghost Kitchens; Consumer; Technology,,,"Multi-stage fund backing commerce infrastructure, logistics and food technology.",Virtual Kitchen Co; All Day Kitchens; Foodology,Virtual Kitchen Co; All Day Kitchens; Foodology,Backed Virtual Kitchen Co's $15M Series A and All Day Kitchens.,"Delivery, logistics & marketplace",
A,,Founders Fund,,,unknown,San Francisco,United States,America/Los_Angeles,Seed; Series A; Growth,Food Tech; Ghost Kitchens; Delivery,,,Backs contrarian technology companies including ghost kitchen infrastructure.,Virtual Kitchen Co; Ritual; Postmates,Virtual Kitchen Co; Ritual; Postmates,,"Delivery, logistics & marketplace",
B,,Y Combinator,,,unknown,San Francisco,United States,America/Los_Angeles,Pre-Seed; Seed,Technology; Delivery; Consumer,,,Accelerator that has launched over 200 notable companies including DoorDash.,DoorDash; Coinbase; Reddit,DoorDash; Coinbase; Reddit,,"Delivery, logistics & marketplace",consumer-adjacent rather than food/hospitality specific
B,,Commerce Ventures,,,unknown,San Francisco,United States,America/Los_Angeles,Seed; Series A; Series B,Retail Tech; Commerce; Fintech,,,Retail and commerce technology investor across seed through later stages.,Bill.com; Marqeta; Forter,Bill.com; Marqeta; Forter,,Commerce & retail technology,consumer-adjacent rather than food/hospitality specific
B,,Silicon Road Ventures,,,unknown,Atlanta,United States,America/New_York,Seed,Retail Tech; Commerce,,,Seed-stage retail technology investor.,,,,Commerce & retail technology,consumer-adjacent rather than food/hospitality specific; thin evidence — no portfolio or recent activity captured
A,David Matthews,RevTech Ventures,Managing Partner,,unknown,Dallas,United States,America/Chicago,Pre-Seed; Seed,Restaurant Tech; Retail Tech; Hospitality Tech,,,"Dallas-based venture accelerator and seed fund working exclusively with retail, restaurant and hospitality technology startups.",,,"Runs an accelerator with 100+ mentors drawn from restaurant, retail and venture backgrounds.","Restaurant, hospitality & nightlife",contact verified during the audit
B,,Mu Ventures,,,unknown,,,,Seed,Retail Tech; Commerce,,,Seed-stage retail technology investor.,,,,Commerce & retail technology,consumer-adjacent rather than food/hospitality specific; thin evidence — no portfolio or recent activity captured
B,,FJ Labs,,,unknown,New York,United States,America/New_York,Seed; Series A,Marketplaces; Commerce; Consumer,,,Marketplace and network-effect specialist.,,,,Commerce & retail technology,consumer-adjacent rather than food/hospitality specific; thin evidence — no portfolio or recent activity captured
B,,Index Ventures,,,unknown,San Francisco,United States,America/Los_Angeles,Seed; Series A; Growth,Commerce; Marketplaces; Technology,,,Invested in Shopify and marketplace leaders across Europe and the US.,,,,Commerce & retail technology,consumer-adjacent rather than food/hospitality specific; thin evidence — no portfolio or recent activity captured
B,,Lightspeed Venture Partners,,,unknown,Menlo Park,United States,America/Los_Angeles,Seed; Series A; Growth,Retail Tech; D2C; Consumer,,,Early-stage retail technology and direct-to-consumer.,,,,Commerce & retail technology,consumer-adjacent rather than food/hospitality specific; thin evidence — no portfolio or recent activity captured
B,,Greylock Partners,,,unknown,Menlo Park,United States,America/Los_Angeles,Seed; Series A,B2B Commerce; Logistics,,,B2B commerce and logistics innovation.,,,,Commerce & retail technology,consumer-adjacent rather than food/hospitality specific; thin evidence — no portfolio or recent activity captured
B,,Bain Capital Ventures,,,unknown,Boston,United States,America/New_York,Seed; Series A; Growth,Payments; Retail Tech; Fintech,,,Payments and enterprise retail technology.,,,,Commerce & retail technology,consumer-adjacent rather than food/hospitality specific; thin evidence — no portfolio or recent activity captured
B,,14W,,,unknown,New York,United States,America/New_York,Seed; Series A,Consumer Internet; Marketplaces; CPG; Media,,,"Consumer internet, marketplace, e-commerce, CPG and media specialist.",,,,Consumer generalist,consumer-adjacent rather than food/hospitality specific; thin evidence — no portfolio or recent activity captured
B,,Ascend Venture Capital,,,unknown,Seattle,United States,America/Los_Angeles,Pre-Seed,Marketplaces; Consumer Brands; E-commerce,,,"Most active pre-seed fund in the Pacific Northwest, investing in marketplaces, consumer brands and e-commerce.",,,,Consumer generalist,consumer-adjacent rather than food/hospitality specific; thin evidence — no portfolio or recent activity captured
A,Jeff Ransdell,Fuel Venture Capital,Founding Partner and Managing Director,,unknown,Miami,United States,America/New_York,Seed; Series A; Growth,Consumer; Technology; Marketplaces,,,Miami-based founder-focused investor backing consumer and technology companies.,Replit; CookUnity; Betr,Replit; CookUnity; Betr,"Founded 2017 in Coconut Grove; core team has 80+ years combined experience across investment banking, wealth management and entrepreneurship. Led CookUnity's $15.5M Series A — chef-prepared meal delivery, from a Miami fund.",Miami / South Florida,has funded a comparable company — see recent activity
A,Maggie Vo,Fuel Venture Capital,Managing General Partner and Chief Investment Officer,,unknown,Miami,United States,America/New_York,Seed; Series A; Growth,Consumer; Technology; Marketplaces,,,Miami-based founder-focused investor backing consumer and technology companies.,Replit; CookUnity; Betr,Replit; CookUnity; Betr,"Managing General Partner and CIO was named a Top VC by Insider. Led CookUnity's $15.5M Series A — chef-prepared meal delivery, from a Miami fund.",Miami / South Florida,has funded a comparable company — see recent activity
B,Sanket Parekh,Secocha Ventures,Founder and Managing Partner,,unknown,Miami,United States,America/New_York,Pre-Seed; Seed; Series A,Consumer; Consumer Products; Health & Wellness; Fintech,,,"Early-stage B2C investor in consumer products and services, health and wellness, and fintech.",,,"Founded 2013 and headquartered in Miami; invests across the US, India, Israel and France.",Miami / South Florida,consumer-adjacent rather than food/hospitality specific; contact verified during the audit
B,David Zinn,Ocean Azul Partners,Co-Founder and Managing Partner,,unknown,Miami,United States,America/New_York,Seed; Series A,Technology; Consumer; Software,$200k,$3M,"Miami-based fund founded by operators with deep South Florida roots, helping companies from Israel and Latin America enter the US market.",,,,Miami / South Florida,consumer-adjacent rather than food/hospitality specific; thin evidence — no portfolio or recent activity captured; contact verified during the audit
B,,ANIMO Ventures,,,unknown,Miami,United States,America/New_York,Seed; Series A,Technology; Consumer,,,Miami-based early-stage venture firm.,,,,Miami / Florida,consumer-adjacent rather than food/hospitality specific; thin evidence — no portfolio or recent activity captured
B,Laura Gonzalez-Estefani,TheVentureCity,Founder and General Partner,,unknown,Miami,United States,America/New_York,Pre-Seed; Seed; Series A,Consumer; Product-Led Growth; Technology; Marketplaces,$500k,$2M,"Global early-stage fund offering founders investment plus data insights, designed for product-led growth.",,,"Headquartered in Miami with hubs in Madrid, San Francisco and Sao Paulo.",Miami / South Florida,"consumer-adjacent rather than food/hospitality specific; contact verified during the audit; 2 partners known at this firm — contact one, not all"
B,Andres Dancausa,TheVentureCity,General Partner,,unknown,Miami,United States,America/New_York,Pre-Seed; Seed; Series A,Consumer; Product-Led Growth; Technology; Marketplaces,$500k,$2M,"Global early-stage fund offering founders investment plus data insights, designed for product-led growth.",,,General partner based in the Miami office.,Miami / South Florida,"consumer-adjacent rather than food/hospitality specific; contact verified during the audit; 2 partners known at this firm — contact one, not all"
B,,Atomic,,,unknown,Miami,United States,America/New_York,Pre-Seed; Seed,Consumer; Technology,,,"Venture studio combining ideas, talent and capital to build companies in parallel.",Hims & Hers; Bungalow; OpenStore,Hims & Hers; Bungalow; OpenStore,,Miami / Florida,consumer-adjacent rather than food/hospitality specific
B,,Rokk3r,,,unknown,Miami,United States,America/New_York,Pre-Seed; Seed,Technology; Consumer,,,Venture builder creating companies from scratch.,,,,Miami / Florida,consumer-adjacent rather than food/hospitality specific; thin evidence — no portfolio or recent activity captured
B,Edward Lando,Pareto Holdings,Co-Founder and Managing Partner,,unknown,Miami,United States,America/New_York,Pre-Seed; Seed,Consumer; Consumer Products; Technology; Digital Media,,,"Early-stage investment vehicle and venture studio backing consumer products, technology and digital media.",Cameo; Ramp,Cameo; Ramp,"Miami-based fund writing six-figure cheques into pre-seed founders, deploying the founder's own capital rather than LP money.",Miami / South Florida,consumer-adjacent rather than food/hospitality specific; contact verified during the audit
B,,305 Ventures,,,unknown,Miami,United States,America/New_York,Pre-Seed; Seed,Technology; Consumer,,,Miami early-stage fund.,,,,Miami / Florida,consumer-adjacent rather than food/hospitality specific; thin evidence — no portfolio or recent activity captured
B,Mark Volchek,Las Olas Venture Capital,Founding and Co-Managing Partner,,unknown,Fort Lauderdale,United States,America/New_York,Seed; Series A,Technology; Software; Consumer,,,South Florida early-stage fund led by operators who scaled HigherOne from zero to IPO.,,,Founded 2015 in Fort Lauderdale.,Miami / South Florida,consumer-adjacent rather than food/hospitality specific; contact verified during the audit
B,,Valhalla Ventures,,,unknown,Miami,United States,America/New_York,Seed,Technology; Consumer,,,Miami-based seed investor.,,,,Miami / Florida,consumer-adjacent rather than food/hospitality specific; thin evidence — no portfolio or recent activity captured
B,,Crew VC,,,unknown,Miami,United States,America/New_York,Pre-Seed; Seed,Technology; Consumer,,,Miami early-stage fund.,,,,Miami / Florida,consumer-adjacent rather than food/hospitality specific; thin evidence — no portfolio or recent activity captured
B,,Duna Ventures,,,unknown,Miami,United States,America/New_York,Pre-Seed; Seed,Technology; Consumer,,,Miami early-stage fund.,,,,Miami / Florida,consumer-adjacent rather than food/hospitality specific; thin evidence — no portfolio or recent activity captured
B,,Clerisy,,,unknown,Miami,United States,America/New_York,Seed; Series A,Consumer; Technology,,,Consumer-oriented venture firm.,,,,Miami / Florida,consumer-adjacent rather than food/hospitality specific; thin evidence — no portfolio or recent activity captured
B,,Lightship Capital,,,unknown,Miami,United States,America/New_York,Pre-Seed; Seed,Consumer; CPG; Health,,,Invests in underrepresented founders across consumer and healthcare.,,,,Miami / Florida,consumer-adjacent rather than food/hospitality specific; thin evidence — no portfolio or recent activity captured
B,,Acronym Venture Capital,,,unknown,Miami,United States,America/New_York,Seed,Technology; Consumer,,,Miami seed investor.,,,,Miami / Florida,consumer-adjacent rather than food/hospitality specific; thin evidence — no portfolio or recent activity captured
B,,Future Perfect Ventures,,,unknown,Miami,United States,America/New_York,Seed,Technology; Consumer,,,Early-stage investor.,,,,Miami / Florida,consumer-adjacent rather than food/hospitality specific; thin evidence — no portfolio or recent activity captured
B,,Harlem Capital,,,unknown,New York,United States,America/New_York,Seed,Consumer; Technology,,,Backs diverse founders across consumer and technology.,,,,Miami / Florida,consumer-adjacent rather than food/hospitality specific; thin evidence — no portfolio or recent activity captured
B,,Form Capital,,,unknown,Miami,United States,America/New_York,Pre-Seed; Seed,Technology; Consumer,,,Miami early-stage fund.,,,,Miami / Florida,consumer-adjacent rather than food/hospitality specific; thin evidence — no portfolio or recent activity captured
B,,Focal VC,,,unknown,Miami,United States,America/New_York,Pre-Seed; Seed,Technology; Consumer,,,Miami early-stage fund.,,,,Miami / Florida,consumer-adjacent rather than food/hospitality specific; thin evidence — no portfolio or recent activity captured
B,,Zenda Capital,,,unknown,Miami,United States,America/New_York,Seed,Technology; Consumer,,,Miami seed investor.,,,,Miami / Florida,consumer-adjacent rather than food/hospitality specific; thin evidence — no portfolio or recent activity captured
B,,Bling Capital,,,unknown,Miami,United States,America/New_York,Pre-Seed; Seed,Consumer; Technology,,,Early-stage investor.,,,,Miami / Florida,consumer-adjacent rather than food/hospitality specific; thin evidence — no portfolio or recent activity captured
B,,Reign Ventures,,,unknown,Miami,United States,America/New_York,Seed,Consumer; Technology,,,Early-stage investor.,,,,Miami / Florida,consumer-adjacent rather than food/hospitality specific; thin evidence — no portfolio or recent activity captured
B,,Beni VC,,,unknown,Miami,United States,America/New_York,Pre-Seed; Seed,Consumer; Technology,,,Miami early-stage fund.,,,,Miami / Florida,consumer-adjacent rather than food/hospitality specific; thin evidence — no portfolio or recent activity captured
B,,Beresford Ventures,,,unknown,Miami,United States,America/New_York,Seed,Technology; Consumer,,,Miami seed investor.,,,,Miami / Florida,consumer-adjacent rather than food/hospitality specific; thin evidence — no portfolio or recent activity captured
B,,Zelkova Ventures,,,unknown,Miami,United States,America/New_York,Seed,Consumer; Technology,,,Early-stage generalist.,,,,Miami / Florida,consumer-adjacent rather than food/hospitality specific; thin evidence — no portfolio or recent activity captured
B,,Motivate Venture Capital,,,unknown,Chicago,United States,America/Chicago,Pre-Seed; Seed,Consumer; Technology,,,Pre-seed and seed investor active across the Midwest and Southeast.,,,,Miami / Florida,consumer-adjacent rather than food/hospitality specific; thin evidence — no portfolio or recent activity captured
B,,Axioma Ventures,,,unknown,Tampa,United States,America/New_York,Seed,Consumer; Technology,,,Tampa-area firm whose team includes the former CEO of Publix.,,,,Miami / Florida,consumer-adjacent rather than food/hospitality specific; thin evidence — no portfolio or recent activity captured
B,,Embarc Collective,,,unknown,Tampa,United States,America/New_York,Pre-Seed; Seed,Technology; Consumer,,,"Tampa accelerator supporting early-stage companies with space, mentorship and investor connections.",,,,Miami / Florida,consumer-adjacent rather than food/hospitality specific; thin evidence — no portfolio or recent activity captured
B,,New World Angels,,,unknown,Boca Raton,United States,America/New_York,Seed,Technology; Consumer,,,Florida angel investor group.,,,,Miami / Florida,consumer-adjacent rather than food/hospitality specific; thin evidence — no portfolio or recent activity captured
B,,Gold Coast Angel Investors,,,unknown,Fort Lauderdale,United States,America/New_York,Seed,Technology; Consumer,,,South Florida angel group.,,,,Miami / Florida,consumer-adjacent rather than food/hospitality specific; thin evidence — no portfolio or recent activity captured
B,,Black Angels Miami,,,unknown,Miami,United States,America/New_York,Seed,Consumer; Technology,,,Miami angel group backing founders across sectors.,,,,Miami / Florida,consumer-adjacent rather than food/hospitality specific; thin evidence — no portfolio or recent activity captured
B,,Accelerated Growth Partners,,,unknown,Miami,United States,America/New_York,Seed,Technology; Consumer,,,Florida angel and early-stage investment group.,,,,Miami / Florida,consumer-adjacent rather than food/hospitality specific; thin evidence — no portfolio or recent activity captured
B,,Original Capital,,,unknown,Miami,United States,America/New_York,Seed,Consumer; Technology,,,Miami early-stage investor.,,,,Miami / Florida,consumer-adjacent rather than food/hospitality specific; thin evidence — no portfolio or recent activity captured
B,,L'ATTITUDE Ventures,,,unknown,San Diego,United States,America/Los_Angeles,Pre-Seed; Seed; Series A,Consumer; Technology; Latino Founders,,,Purpose-driven firm investing in early-stage businesses led by US Latinos.,,,$100M+ platform; hosts its Match-Up competition at the L'ATTITUDE conference in Miami.,Latino-led / LatAm connected,consumer-adjacent rather than food/hospitality specific
B,,Chingona Ventures,,,unknown,Chicago,United States,America/Chicago,Pre-Seed; Seed,FinTech; Software; Consumer,,,Invests at the earliest stages in founders building scalable companies from the ground up.,,,,Latino-led / LatAm connected,consumer-adjacent rather than food/hospitality specific; thin evidence — no portfolio or recent activity captured
B,,Leap Global Partners,,,unknown,San Francisco,United States,America/Los_Angeles,Seed,Technology; Consumer; Cross-Border,,,Invests in US Latino and Latin America cross-border founders.,,,,Latino-led / LatAm connected,consumer-adjacent rather than food/hospitality specific; thin evidence — no portfolio or recent activity captured
A,Kirsten Green,Forerunner Ventures,Founder,,unknown,San Francisco,United States,America/Los_Angeles,Seed; Series A,Consumer; Commerce; CPG,$1M,$20M,"Consumer specialist; early investor in Warby Parker, Away and Glossier.",Warby Parker; Away; Glossier; Allbirds,Warby Parker; Away; Glossier; Allbirds,Raised $500M Fund VII; nearly $3B AUM. Participated in Wonder's $700M and $600M rounds.,Consumer generalist,has funded a comparable company — see recent activity
B,Nick Brown,Imaginary Ventures,Co-Founder,,unknown,New York,United States,America/New_York,Seed; Series A,Consumer; Retail; Commerce,,,"Identifies, invests in and scales iconic consumer businesses at the intersection of retail and technology.",,,Founded 2018; roughly 50% of Fund I backed women founders.,Consumer generalist,consumer-adjacent rather than food/hospitality specific; contact verified during the audit
B,,Bullish,,,unknown,New York,United States,America/New_York,Pre-Seed; Seed; Series A,Consumer; CPG; Brand,$500k,$3M,"Early-stage investment firm that doubles as a brand strategy agency, providing capital and hands-on brand support to consumer companies.",,,,Consumer generalist,consumer-adjacent rather than food/hospitality specific; thin evidence — no portfolio or recent activity captured
B,,XRC Ventures,,,unknown,New York,United States,America/New_York,Pre-Seed; Seed; Series A,Retail Tech; Consumer; Commerce; CPG,,,"Invests in the future of retail, consumer and commerce technology across an Accelerator Fund, Technology Fund and Brand Capital Fund.",,,,Consumer generalist,consumer-adjacent rather than food/hospitality specific; thin evidence — no portfolio or recent activity captured
B,,Elizabeth Street Ventures,,,unknown,New York,United States,America/New_York,Seed,Consumer; Consumer FinTech,,,Funds digital consumer and consumer fintech businesses transforming verticals.,,,,Consumer generalist,consumer-adjacent rather than food/hospitality specific; thin evidence — no portfolio or recent activity captured
B,,Maveron,,,unknown,Seattle,United States,America/Los_Angeles,Seed; Series A,Consumer,,,Consumer-only venture firm.,,,,Consumer generalist,consumer-adjacent rather than food/hospitality specific; thin evidence — no portfolio or recent activity captured
B,,Primary Venture Partners,,,unknown,New York,United States,America/New_York,Seed,Consumer; B2B,$1M,$3M,NYC seed fund that led Allbirds and Harry's at seed.,Jet.com; Mirror,Jet.com; Mirror,,Consumer generalist,consumer-adjacent rather than food/hospitality specific
B,,Homebrew,,,unknown,San Francisco,United States,America/Los_Angeles,Seed,Consumer Marketplaces; D2C,$500k,$2M,"Seed fund for the bottom-up economy, consumer marketplaces and D2C brands.",The Farmer's Dog; Plaid,The Farmer's Dog; Plaid,,Consumer generalist,consumer-adjacent rather than food/hospitality specific
B,,Brand Foundry Ventures,,,unknown,Austin,United States,America/Chicago,Seed; Series A,Consumer Brands; E-commerce; Retail,,,Builds the next generation of consumer brands for digitally native audiences; leads seed and Series A.,,,,Consumer generalist,consumer-adjacent rather than food/hospitality specific; thin evidence — no portfolio or recent activity captured
B,,Silverton Partners,,,unknown,Austin,United States,America/Chicago,Seed; Series A,Software; Consumer; CPG,,,"Austin early-stage firm investing in software, tech-enabled services and CPG brands.",,,,Consumer generalist,consumer-adjacent rather than food/hospitality specific; thin evidence — no portfolio or recent activity captured
B,,NEXT VENTURES,,,unknown,Austin,United States,America/Chicago,Seed; Series A,Sports; Fitness; Nutrition; Wellness,,,"Invests in the sports, fitness, nutrition and wellness markets.",,,,Consumer generalist,consumer-adjacent rather than food/hospitality specific; thin evidence — no portfolio or recent activity captured
B,,Cowboy Ventures,,,unknown,San Francisco,United States,America/Los_Angeles,Seed,Consumer Internet; Technology,,,Seed-stage consumer internet investor.,,,,Consumer generalist,consumer-adjacent rather than food/hospitality specific; thin evidence — no portfolio or recent activity captured
B,,NFX,,,unknown,San Francisco,United States,America/Los_Angeles,Pre-Seed; Seed,Marketplaces; Network Effects; Consumer,,,Seed fund focused on network-effect businesses and marketplaces.,,,,Consumer generalist,consumer-adjacent rather than food/hospitality specific; thin evidence — no portfolio or recent activity captured
B,,Precursor Ventures,,,unknown,San Francisco,United States,America/Los_Angeles,Pre-Seed,Consumer; Technology,,,Pre-seed generalist backing founders at the earliest stage.,,,,Consumer generalist,consumer-adjacent rather than food/hospitality specific; thin evidence — no portfolio or recent activity captured
B,,Headline,,,unknown,San Francisco,United States,America/Los_Angeles,Seed; Series A; Growth,Marketplaces; Consumer; Network Effects,,,Formerly e.ventures; focused on marketplaces and network-effect businesses.,,,,Consumer generalist,consumer-adjacent rather than food/hospitality specific; thin evidence — no portfolio or recent activity captured
B,,Science Inc,,,unknown,Santa Monica,United States,America/Los_Angeles,Seed; Series A,Consumer; D2C; Commerce,,,Studio and fund that built and backed Dollar Shave Club at seed.,,,,Consumer generalist,consumer-adjacent rather than food/hospitality specific; thin evidence — no portfolio or recent activity captured
B,,Crosscut Ventures,,,unknown,Los Angeles,United States,America/Los_Angeles,Seed,Consumer; Technology,,,One of the largest seed-stage firms in Los Angeles.,,,,Consumer generalist,consumer-adjacent rather than food/hospitality specific; thin evidence — no portfolio or recent activity captured
B,,Mucker Capital,,,unknown,Los Angeles,United States,America/Los_Angeles,Pre-Seed; Seed,Consumer; Software,,,Hands-on early-stage investor in Southern California software and internet companies.,,,,Consumer generalist,consumer-adjacent rather than food/hospitality specific; thin evidence — no portfolio or recent activity captured
B,,BAM Ventures,,,unknown,Los Angeles,United States,America/Los_Angeles,Seed,E-commerce; Consumer,,,Consumer and e-commerce focused seed fund.,,,,Consumer generalist,consumer-adjacent rather than food/hospitality specific; thin evidence — no portfolio or recent activity captured
B,,Amplify.LA,,,unknown,Los Angeles,United States,America/Los_Angeles,Pre-Seed; Seed,Consumer; Technology,,,Seed capital plus a collaborative community for LA founders.,,,,Consumer generalist,consumer-adjacent rather than food/hospitality specific; thin evidence — no portfolio or recent activity captured
B,,GTMfund,,,unknown,Austin,United States,America/Chicago,Seed,Go-to-Market; B2B; Consumer,,,Early-stage fund with a network of go-to-market executives.,,,,Consumer generalist,consumer-adjacent rather than food/hospitality specific; thin evidence — no portfolio or recent activity captured
B,,Hyde Park Venture Partners,,,unknown,Chicago,United States,America/Chicago,Seed; Series A,B2B Software; Consumer Marketplaces,,,Midwest and Toronto early-stage firm focused on first and second rounds.,,,Raised $100M for its third fund.,Consumer generalist,consumer-adjacent rather than food/hospitality specific
B,,Golden Ventures,,,unknown,Toronto,Canada,America/Toronto,Seed,Consumer; Technology,,,Leading Toronto seed fund investing across North America.,,,,Consumer generalist,outside the US; unlikely to lead a first US seed
B,,BrandProject,,,unknown,Toronto,Canada,America/Toronto,Seed; Series A,Consumer Products; Consumer Services; Technology,,,Early-stage fund investing in and building consumer brands.,Daily Harvest; Freshly; Ritual; Chefs Plate; Pet Plate; Awake Chocolate,Daily Harvest; Freshly; Ritual; Chefs Plate; Pet Plate; Awake Chocolate,,Consumer generalist,outside the US; unlikely to lead a first US seed
B,,GCI Capital,,,unknown,Toronto,Canada,America/Toronto,Early Stage,Consumer; Food,,,Toronto early-stage private equity firm.,,,,Consumer generalist,outside the US; unlikely to lead a first US seed
A,,SOSV,,,unknown,Princeton,United States,America/New_York,Pre-Seed; Seed,Deep Tech; Food Tech; Biotech,$500k,$500k,Global deep tech fund investing $500K at inception through HAX and IndieBio.,,,,Consumer generalist,thin evidence — no portfolio or recent activity captured
A,,Preface Ventures,,,unknown,New York,United States,America/New_York,Pre-Seed; Seed,Restaurant Tech; Software,,,Technology-focused firm evaluating software margins and customer acquisition cost.,,,,"Restaurant, hospitality & nightlife",thin evidence — no portfolio or recent activity captured
B,,Pathbreaker Ventures,,,unknown,San Francisco,United States,America/Los_Angeles,Pre-Seed; Seed,Technology; Consumer,,,Pre-seed and seed investor across emerging technology.,,,,Consumer generalist,consumer-adjacent rather than food/hospitality specific; thin evidence — no portfolio or recent activity captured
A,,Serendipity Investments,,,unknown,,,,Seed,Food; Consumer,,,Backs food and consumer companies.,,,,Consumer generalist,thin evidence — no portfolio or recent activity captured
B,,Heartland Ventures,,,unknown,Columbus,United States,America/New_York,Seed; Series A,Supply Chain; Consumer; Industrials,,,Connects coastal startups with Midwest corporate customers.,,,,Consumer generalist,consumer-adjacent rather than food/hospitality specific; thin evidence — no portfolio or recent activity captured
B,,Fernbrook,,,unknown,,,,Seed,Consumer,,,Early-stage consumer investor.,,,,Consumer generalist,consumer-adjacent rather than food/hospitality specific; thin evidence — no portfolio or recent activity captured
B,,Outlander VC,,,unknown,Atlanta,United States,America/New_York,Pre-Seed; Seed,Health; Wellness; Consumer,$500k,$2.5M,Writes early checks for transformative healthcare and wellness technology.,,,,Consumer generalist,consumer-adjacent rather than food/hospitality specific; thin evidence — no portfolio or recent activity captured
B,,Speedinvest,,,unknown,,,,Pre-Seed; Seed,Consumer; Technology,,,Pre-seed and seed investor with sector-focused teams.,,,,Consumer generalist,consumer-adjacent rather than food/hospitality specific; thin evidence — no portfolio or recent activity captured
B,Guy Oseary,Sound Ventures,Co-Founder,,unknown,Los Angeles,United States,America/Los_Angeles,Seed; Series A; Growth,Consumer; Technology; AI,,,Founded by Ashton Kutcher and Guy Oseary; invests across consumer and technology.,,,,"Operator, athlete & talent-led consumer fund",consumer-adjacent rather than food/hospitality specific; thin evidence — no portfolio or recent activity captured; contact NOT re-verified — check before sending
B,Serena Williams,Serena Ventures,Founder,,unknown,San Francisco,United States,America/Los_Angeles,Seed,Consumer; Technology; CPG,,,Backs early-stage companies with a focus on founders from diverse backgrounds.,,,Invested in more than 60 brands.,"Operator, athlete & talent-led consumer fund",consumer-adjacent rather than food/hospitality specific; contact NOT re-verified — check before sending
B,,Marcy Venture Partners,,,unknown,New York,United States,America/New_York,Seed; Series A,Consumer; Media; CPG,,,Consumer-focused fund co-founded by Shawn Carter.,,,,"Operator, athlete & talent-led consumer fund",consumer-adjacent rather than food/hospitality specific; thin evidence — no portfolio or recent activity captured
B,Snoop Dogg,Casa Verde Capital,Co-Founder,,unknown,Los Angeles,United States,America/Los_Angeles,Seed; Series A,Cannabis; Consumer,,,Consumer and cannabis-adjacent investor.,,,,"Operator, athlete & talent-led consumer fund",consumer-adjacent rather than food/hospitality specific; thin evidence — no portfolio or recent activity captured; contact NOT re-verified — check before sending
B,Stephen Curry,SC30,Founder,,unknown,San Francisco,United States,America/Los_Angeles,Seed; Series A,Consumer; Sports; Media,,,"Investment vehicle spanning consumer, sports and media.",,,,"Operator, athlete & talent-led consumer fund",consumer-adjacent rather than food/hospitality specific; thin evidence — no portfolio or recent activity captured; contact NOT re-verified — check before sending; shares a principal with Penny Jar Capital — contact one
A,Bryant Barr,Penny Jar Capital,Founding Partner,,unknown,San Francisco,United States,America/Los_Angeles,Seed; Series A,Consumer; Consumer Brands; Technology,,,Early-stage firm backing consumer and technology companies.,Local Kitchens,Local Kitchens,Invested in Local Kitchens' Series A; founded 2021 with Stephen Curry as anchor investor and special advisor. Invested in Local Kitchens' Series A.,Already funded a comparable company,has funded a comparable company — see recent activity
B,Joe Montana,Liquid 2 Ventures,Founder,,unknown,San Francisco,United States,America/Los_Angeles,Pre-Seed; Seed,Consumer; Technology,,,Seed fund with a large portfolio across technology and consumer.,,,,"Operator, athlete & talent-led consumer fund",consumer-adjacent rather than food/hospitality specific; thin evidence — no portfolio or recent activity captured; contact NOT re-verified — check before sending
B,Aaron Rodgers,Rx3 Ventures,Co-Founder,,unknown,Los Angeles,United States,America/Los_Angeles,Seed; Series A,Consumer; Brands,,,Consumer-market fund launched with a $50M debut vehicle.,,,,"Operator, athlete & talent-led consumer fund",consumer-adjacent rather than food/hospitality specific; thin evidence — no portfolio or recent activity captured; contact NOT re-verified — check before sending
B,Kevin Hart,HartBeat Ventures,Founder,,unknown,Los Angeles,United States,America/Los_Angeles,Seed; Series A,Consumer; Media; Lifestyle,,,Consumer and lifestyle fund.,,,,"Operator, athlete & talent-led consumer fund",consumer-adjacent rather than food/hospitality specific; thin evidence — no portfolio or recent activity captured; contact NOT re-verified — check before sending
B,,Techstars Future of Food,,,unknown,Minneapolis,United States,America/Chicago,Pre-Seed,Food; AgTech; Food Tech,$20k,$120k,Accelerator with Ecolab for startups across the food supply chain; up to $120K per company.,,,Formerly Techstars Farm to Fork; portfolio has raised $154M.,Accelerator or programme,"accelerator — apply through their programme, do not cold email"
B,,Terra Food and Ag Tech Accelerator,,,unknown,San Francisco,United States,America/Los_Angeles,Pre-Seed,Food Tech; AgTech,,,Food and agriculture technology accelerator.,,,,Accelerator or programme,"accelerator — apply through their programme, do not cold email"
B,,Good Food Accelerator,,,unknown,Chicago,United States,America/Chicago,Pre-Seed,Food; CPG,,,"Runs Go To Market, Accelerate For Growth and Market Access programmes for food entrepreneurs.",,,,Accelerator or programme,"accelerator — apply through their programme, do not cold email"
B,,Chobani Incubator,,,unknown,New York,United States,America/New_York,Pre-Seed,Food & Beverage; CPG,,,Incubator for early-stage food and beverage companies.,,,,Accelerator or programme,"accelerator — apply through their programme, do not cold email"
B,,SKU,,,unknown,Austin,United States,America/Chicago,Pre-Seed,CPG; Food & Beverage,,,"The first CPG accelerator in the US; twelve weeks of coaching across branding, supply chain and distribution.",,,,Accelerator or programme,"accelerator — apply through their programme, do not cold email"
B,,Union Kitchen,,,unknown,Washington,United States,America/New_York,Pre-Seed; Seed,Food & Beverage; CPG,,,"Food business accelerator with kitchen, distribution and retail infrastructure.",,,,Accelerator or programme,"accelerator — apply through their programme, do not cold email"
B,Marcelo Claure,,Angel Investor,,unknown,Miami,United States,America/New_York,Seed,FinTech; Marketplaces,$500k,$500k,Backed multiple Miami companies with $500K+ checks into fintech and marketplaces.,,,,Named angel investor,"consumer-adjacent rather than food/hospitality specific; thin evidence — no portfolio or recent activity captured; contact NOT re-verified — check before sending; 11 partners known at this firm — contact one, not all"
B,Jorge Mas,,Angel Investor,,unknown,Miami,United States,America/New_York,Seed,Healthcare; Consumer,,,Miami angel investing across healthcare and consumer.,,,,Named angel investor,"consumer-adjacent rather than food/hospitality specific; thin evidence — no portfolio or recent activity captured; contact NOT re-verified — check before sending; 11 partners known at this firm — contact one, not all"
A,Brian Spaly,,Angel Investor,,unknown,San Francisco,United States,America/Los_Angeles,Pre-Seed; Seed,Consumer; D2C; Food & Beverage,,,Consumer and D2C operator-angel active in food and beverage.,,,,Named angel investor,"thin evidence — no portfolio or recent activity captured; contact NOT re-verified — check before sending; 11 partners known at this firm — contact one, not all"
A,Ramanan Raghavendran,,Angel Investor,,unknown,New York,United States,America/New_York,Pre-Seed; Seed,Consumer; Food & Beverage,,,Pre-seed angel active in food and beverage.,,,,Named angel investor,"thin evidence — no portfolio or recent activity captured; contact NOT re-verified — check before sending; 11 partners known at this firm — contact one, not all"
A,Seth Levine,,Angel Investor,,unknown,Boulder,United States,America/Denver,Seed,Consumer; Food & Beverage,,,Seed angel active in food and beverage.,,,,Named angel investor,"thin evidence — no portfolio or recent activity captured; contact NOT re-verified — check before sending; 11 partners known at this firm — contact one, not all"
A,Marvin Liao,,Angel Investor,,unknown,San Francisco,United States,America/Los_Angeles,Pre-Seed; Seed,Consumer; Food & Beverage,,,Seed angel active in food and beverage.,,,,Named angel investor,"thin evidence — no portfolio or recent activity captured; contact NOT re-verified — check before sending; 11 partners known at this firm — contact one, not all"
A,Lauren Loktev,,Angel Investor,,unknown,New York,United States,America/New_York,Seed,Consumer; Food & Beverage,,,Seed angel active in food and beverage.,,,,Named angel investor,"thin evidence — no portfolio or recent activity captured; contact NOT re-verified — check before sending; 11 partners known at this firm — contact one, not all"
A,Jeff Pomeranz,,Angel Investor,,unknown,,,,Pre-Seed,Consumer; Food & Beverage,,,Pre-seed angel active in food and beverage.,,,,Named angel investor,"thin evidence — no portfolio or recent activity captured; contact NOT re-verified — check before sending; 11 partners known at this firm — contact one, not all"
A,,Redpoint Ventures,,,unknown,Menlo Park,United States,America/Los_Angeles,Seed; Series A,Restaurant Tech; Software; Consumer,,,Early-stage investor; Series A investor in Olo before its IPO.,Olo,Olo,,"Restaurant, hospitality & nightlife",
A,,Base10 Partners,,,unknown,San Francisco,United States,America/Los_Angeles,Seed; Series A,Restaurant Tech; Automation; Consumer,,,"Invests in the automation of the real economy, including restaurant technology.",,,,"Restaurant, hospitality & nightlife",thin evidence — no portfolio or recent activity captured
A,,Craft Ventures,,,unknown,San Francisco,United States,America/Los_Angeles,Seed; Series A,Restaurant Tech; SaaS; Marketplaces,,,Early-stage fund active in restaurant and hospitality software.,,,,"Restaurant, hospitality & nightlife",thin evidence — no portfolio or recent activity captured
A,,Menlo Ventures,,,unknown,San Francisco,United States,America/Los_Angeles,Seed; Series A; Growth,Restaurant Tech; Consumer; Technology,,,Multi-stage investor active in restaurant technology.,,,,"Restaurant, hospitality & nightlife",thin evidence — no portfolio or recent activity captured
A,,Union Square Ventures,,,unknown,New York,United States,America/New_York,Seed; Series A,Marketplaces; Restaurant Tech; Consumer,,,Thesis-driven early-stage investor active in restaurant and marketplace software.,,,,"Restaurant, hospitality & nightlife",thin evidence — no portfolio or recent activity captured
A,,QED Investors,,,unknown,Alexandria,United States,America/New_York,Seed; Series A,FinTech; Embedded Payments; Restaurant Tech,,,Fintech specialist focused on embedded payments; backed Toast.,Toast,Toast,,"Restaurant, hospitality & nightlife",
A,,NYCA Partners,,,unknown,New York,United States,America/New_York,Seed; Series A,FinTech; Payments; Restaurant Tech,,,Fintech and payments investor active in restaurant technology.,,,,"Restaurant, hospitality & nightlife",thin evidence — no portfolio or recent activity captured
B,,RRE Ventures,,,unknown,New York,United States,America/New_York,Seed; Series A,Consumer; Technology,,,Early-stage generalist listed among firms active in Miami.,,,,Miami / Florida,consumer-adjacent rather than food/hospitality specific; thin evidence — no portfolio or recent activity captured
A,Noramay Cadena,Supply Change Capital,Co-Founder and Managing Partner,,unknown,Los Angeles,United States,America/Los_Angeles,Pre-Seed; Seed,Food; Food Tech; Culture; Consumer,,,"Invests at the intersection of food, culture and technology, on the thesis that the food investment opportunity over the next two decades exceeds $100B.",,,"Closed a $40M debut fund; roughly 80% of the portfolio is Latinx, Black or female-led; took equity investment from Bank of America.",Food & beverage / CPG specialist,"contact verified during the audit; 2 partners known at this firm — contact one, not all"
A,Shayna Harris,Supply Change Capital,Co-Founder and Managing Partner,,unknown,Los Angeles,United States,America/Los_Angeles,Pre-Seed; Seed,Food; Food Tech; Culture; Consumer,,,"Invests at the intersection of food, culture and technology, on the thesis that the food investment opportunity over the next two decades exceeds $100B.",,,Co-founder previously architected supply chain at Mars and built Farmer's Fridge.,Food & beverage / CPG specialist,"contact verified during the audit; 2 partners known at this firm — contact one, not all"
A,,Convivialite Ventures,,,unknown,San Francisco,United States,America/Los_Angeles,Seed; Series A,Beverage; Food & Beverage; Consumer,,,"Pernod Ricard's venture arm, created 2017, investing beyond the group's traditional wine and spirits offering.",AF Drinks; Ghia,AF Drinks; Ghia,"Offices in San Francisco, Paris, Mumbai and Shanghai.",Corporate venture arm,
A,,Constellation Brands Ventures,,,unknown,Rochester,United States,America/New_York,Seed; Series A,Beverage; Food & Beverage; Consumer,,,"Constellation Brands' venture arm, investing in emerging beverage and consumer brands.",,,,Corporate venture arm,thin evidence — no portfolio or recent activity captured
A,,True Ventures,,,unknown,San Francisco,United States,America/Los_Angeles,Seed; Series A,Consumer; Technology; Restaurant Tech,,,"Seed and Series A investor with more than $3.8B under management, active in restaurant and consumer technology.",,,An investor in Sweetgreen.,Consumer generalist,has funded a comparable company — see recent activity
A,,General Catalyst,,,unknown,Cambridge,United States,America/New_York,Seed; Series A; Growth,Consumer; Restaurant Tech; Technology,,,Multi-stage firm named among the most active venture investors in restaurants and restaurant technology.,,,"Led Local Kitchens' $25M Series A and its $40M follow-on, and committed up to $250M to CookUnity in 2025.","Restaurant, hospitality & nightlife",has funded a comparable company — see recent activity
A,Pejman Nozad,Pear VC,Founding Managing Partner,,unknown,San Francisco,United States,America/Los_Angeles,Pre-Seed; Seed,Consumer; Marketplaces; Consumer Technology; E-commerce,$250k,$6M,"Pre-seed and seed specialists investing in consumer technology including marketplaces, subscription and e-commerce.",Local Kitchens,Local Kitchens,Backed Local Kitchens through its seed and Series A alongside General Catalyst. Backed Local Kitchens from seed through its Series A.,Already funded a comparable company,has funded a comparable company — see recent activity
A,Steve Case,Revolution,Founder and Chairman,,unknown,Washington,United States,America/New_York,Seed; Series A,Consumer; Restaurants; Technology; Marketplaces,$250k,$1M,"Backs entrepreneurs upending traditional industries, explicitly outside the coastal venture hubs; the Rise of the Rest Seed Fund writes $250K-$1M cheques.",Sweetgreen; CAVA,Sweetgreen; CAVA,Rise of the Rest has invested in 200+ startups across 80+ US cities; Revolution was an early backer of both Sweetgreen and CAVA. An early backer of both Sweetgreen and CAVA.,Already funded a comparable company,has funded a comparable company — see recent activity
